frame,id,x1,y1,x2,y2
0,player11,957.673583984375,150.61581420898438,1047.26708984375,261.7691650390625
0,player12,921.6185302734375,56.380985260009766,960.29150390625,130.73785400390625
0,player21,498.6317138671875,664.219970703125,660.0750732421875,836.7044067382812
1,player11,957.7212524414062,150.6231231689453,1047.1058349609375,261.3400573730469
1,player12,921.5079345703125,56.32356643676758,960.273193359375,130.743896484375
1,player21,498.50506591796875,664.2095336914062,660.02880859375,836.709228515625
2,player11,957.004638671875,149.22848510742188,1036.5345458984375,258.1046142578125
2,player12,923.1051635742188,57.11811065673828,960.2870483398438,130.82691955566406
2,player21,498.5111999511719,665.0751953125,661.0978393554688,837.949462890625
3,player11,954.5390014648438,148.5337677001953,1041.6011962890625,261.0643615722656
3,player12,922.3941040039062,57.25126647949219,960.1102294921875,130.75233459472656
3,player21,499.7382507324219,665.6491088867188,665.1903686523438,836.2076416015625
4,player11,953.496337890625,147.910888671875,1037.5882568359375,262.4149475097656
4,player12,920.8424682617188,56.70721435546875,960.0014038085938,132.0692596435547
4,player21,499.8200988769531,666.985107421875,671.1162109375,836.2762451171875
4,player22,1460.6170654296875,705.7357177734375,1622.990234375,889.5380859375
5,player11,951.9882202148438,146.83584594726562,1027.1947021484375,260.0323791503906
5,player12,920.2798461914062,56.252769470214844,959.263427734375,132.87139892578125
5,player21,499.7773742675781,667.4031982421875,674.9493408203125,835.6328735351562
5,player22,1461.788818359375,707.0858764648438,1624.9364013671875,888.1314086914062
6,player11,949.8447265625,146.1262969970703,1013.5314331054688,260.9114685058594
6,player21,499.453125,667.4554443359375,676.7162475585938,835.3687744140625
6,player22,1463.7587890625,707.8076171875,1627.4759521484375,888.8448486328125
7,player11,945.606201171875,145.92262268066406,1001.6328735351562,262.2505798339844
7,player21,498.81390380859375,667.537353515625,675.704345703125,835.23974609375
7,player22,1463.905517578125,708.7938232421875,1629.6741943359375,888.809326171875
8,player11,940.4408569335938,144.4670867919922,988.7723388671875,262.8841857910156
8,player12,921.3309936523438,56.903873443603516,957.5774536132812,131.4270782470703
8,player21,496.9600524902344,667.9527587890625,673.0326538085938,836.9544677734375
8,player22,1463.9033203125,709.1484985351562,1631.4100341796875,888.6749267578125
9,player11,934.3231811523438,143.10366821289062,975.305908203125,259.5790100097656
9,player12,920.6332397460938,56.21392059326172,957.83544921875,131.625
9,player21,495.4920959472656,668.3314819335938,669.5543212890625,836.9765014648438
9,player22,1464.73291015625,708.8916625976562,1633.2608642578125,889.379638671875
10,player11,927.0901489257812,143.26834106445312,972.997314453125,261.391357421875
10,player12,921.1644897460938,55.95005798339844,957.0174560546875,131.4536895751953
10,player21,493.4655456542969,668.5105590820312,664.4273071289062,836.2901611328125
10,player22,1466.042236328125,708.3745727539062,1634.690673828125,890.5018920898438
11,player11,918.6795043945312,142.88876342773438,977.399169921875,259.32342529296875
11,player12,920.8402099609375,55.60330581665039,957.1466674804688,130.5968780517578
11,player21,490.5589599609375,668.5938110351562,658.8886108398438,834.3924560546875
12,player11,903.1932983398438,142.710205078125,974.9006958007812,259.2498474121094
12,player12,919.4409790039062,55.046878814697266,957.1968994140625,129.46517944335938
12,player21,488.98406982421875,668.4027099609375,653.5548095703125,834.7240600585938
13,player11,892.723876953125,143.34986877441406,972.056396484375,258.32940673828125
13,player12,919.3279418945312,54.58951187133789,957.3413696289062,129.9345245361328
13,player21,486.4878234863281,668.4130249023438,649.0096435546875,834.8682861328125
14,player11,883.5128173828125,144.1313934326172,968.125,257.48583984375
14,player12,919.5459594726562,52.99674987792969,956.81982421875,129.99200439453125
14,player21,484.2633056640625,668.1087646484375,645.310791015625,835.103271484375
14,player22,1470.1614990234375,705.0219116210938,1642.42529296875,889.4991455078125
15,player11,880.1165771484375,145.11074829101562,963.1611328125,258.23431396484375
15,player12,919.2168579101562,52.80360412597656,956.4692993164062,127.9627456665039
15,player21,482.4629211425781,668.5078125,643.3828125,835.7850952148438
15,player22,1469.937255859375,704.00634765625,1645.2801513671875,889.0918579101562
16,player11,878.8658447265625,146.3355255126953,958.1747436523438,257.73785400390625
16,player12,917.7637939453125,53.27424240112305,956.0623779296875,120.90415954589844
16,player21,480.12445068359375,669.0006713867188,640.992919921875,836.0847778320312
16,player22,1468.36865234375,702.5335693359375,1647.0888671875,889.2135620117188
17,player11,878.3353881835938,146.50924682617188,951.9962158203125,256.9180908203125
17,player12,918.6727905273438,53.54970932006836,956.2484741210938,125.94094848632812
17,player21,478.2228698730469,668.8380737304688,641.4376220703125,836.9939575195312
17,player22,1466.8424072265625,700.211181640625,1650.15283203125,889.094482421875
18,player11,877.776611328125,145.50094604492188,945.8646850585938,256.05059814453125
18,player12,917.6381225585938,52.38105773925781,956.6543579101562,129.51881408691406
18,player21,475.3285827636719,669.0584716796875,641.5409545898438,837.318603515625
18,player22,1466.531982421875,698.553466796875,1655.6611328125,889.0150756835938
19,player11,875.9463500976562,144.21234130859375,939.03857421875,254.88438415527344
19,player12,919.59228515625,52.124664306640625,956.3480224609375,130.85362243652344
19,player21,472.4803466796875,668.5892944335938,637.6522216796875,837.408203125
19,player22,1466.484619140625,696.067626953125,1660.0267333984375,887.6395874023438
20,player11,872.5308837890625,143.10191345214844,934.944091796875,254.1583251953125
20,player12,920.5912475585938,52.37662887573242,956.0123291015625,131.55726623535156
20,player21,469.79339599609375,668.535888671875,636.1580810546875,837.0853271484375
20,player22,1507.2193603515625,693.6680297851562,1664.2781982421875,853.5846557617188
21,player11,868.38134765625,141.80551147460938,926.4512329101562,254.0663299560547
21,player12,921.0523681640625,52.506256103515625,955.8053588867188,131.95411682128906
21,player21,467.0427551269531,668.6867065429688,626.2791137695312,831.7845458984375
21,player22,1481.9892578125,691.40625,1667.49609375,874.7279052734375
22,player11,863.9826049804688,141.91485595703125,912.4774780273438,253.663330078125
22,player12,921.4429321289062,52.70149230957031,955.8217163085938,132.1392059326172
22,player21,464.0762939453125,667.9166259765625,622.7807006835938,835.4981079101562
22,player22,1486.81494140625,689.5725708007812,1670.0780029296875,877.5642700195312
23,player11,858.6253662109375,142.06979370117188,904.5521240234375,252.7923583984375
23,player12,921.73779296875,52.97565841674805,955.652587890625,132.183837890625
23,player21,462.3145446777344,667.9508666992188,616.6383056640625,833.9396362304688
23,player22,1481.408447265625,687.9481201171875,1672.2725830078125,881.7808837890625
24,player11,852.3450317382812,141.63600158691406,900.7451171875,254.15892028808594
24,player12,921.8722534179688,52.997249603271484,955.0952758789062,132.02102661132812
24,player21,459.6122741699219,667.1426391601562,622.2070922851562,836.1410522460938
24,player22,1487.25634765625,686.4446411132812,1673.847900390625,881.7957763671875
25,player11,846.5484619140625,141.9835662841797,898.2681274414062,255.0726776123047
25,player12,921.3884887695312,52.93380355834961,954.5911865234375,131.82191467285156
25,player21,457.51239013671875,666.4791259765625,630.2999267578125,837.5406494140625
25,player22,1483.1571044921875,685.7149658203125,1675.140869140625,880.4151000976562
26,player11,841.7412719726562,142.45626831054688,898.1890869140625,255.81687927246094
26,player12,920.8330688476562,53.20722579956055,954.4982299804688,131.8456573486328
26,player21,455.2630615234375,666.4918823242188,630.2305297851562,836.1792602539062
26,player22,1489.7816162109375,685.0877075195312,1675.0728759765625,877.6439208984375
27,player11,838.7083129882812,143.19480895996094,895.5087890625,254.78530883789062
27,player12,921.601318359375,53.5156135559082,954.4970703125,131.876220703125
27,player21,452.89544677734375,666.3275146484375,635.72607421875,835.8162231445312
27,player22,1492.503662109375,684.1763305664062,1674.477783203125,876.2029418945312
28,player11,835.3259887695312,144.0237579345703,888.2665405273438,244.47763061523438
28,player12,922.072998046875,54.046722412109375,954.4515991210938,131.9396514892578
28,player21,451.31622314453125,666.0123901367188,639.6959228515625,835.1548461914062
28,player22,1486.2119140625,683.3631591796875,1674.7677001953125,872.9794311523438
29,player11,833.150634765625,143.52371215820312,886.6380004882812,244.91209411621094
29,player12,919.8724365234375,54.445011138916016,954.6915283203125,132.0111083984375
29,player21,450.3648986816406,665.7192993164062,639.8829345703125,834.817138671875
29,player22,1484.080810546875,682.7779541015625,1674.781494140625,871.4830322265625
30,player11,829.5319213867188,143.25347900390625,884.3207397460938,242.35986328125
30,player12,911.1201171875,55.101287841796875,954.735595703125,131.9589080810547
30,player21,450.3138427734375,665.6979370117188,637.7660522460938,834.2982788085938
30,player22,1485.437255859375,682.0923461914062,1673.9036865234375,870.9306640625
31,player11,825.6588745117188,142.7108917236328,878.3931274414062,241.3675537109375
31,player12,914.6032104492188,55.39472198486328,954.70166015625,131.96182250976562
31,player21,450.32403564453125,665.6494750976562,633.02734375,833.9627075195312
31,player22,1486.1849365234375,681.586181640625,1673.0860595703125,871.1595458984375
32,player11,822.0452270507812,142.43177795410156,873.9776000976562,241.74024963378906
32,player12,913.6303100585938,55.33415603637695,954.65087890625,131.8530731201172
32,player21,451.2049255371094,665.6549682617188,631.700927734375,833.7898559570312
32,player22,1486.0972900390625,681.3428344726562,1672.09033203125,871.0144653320312
33,player11,819.0114135742188,142.32472229003906,868.0426635742188,241.26136779785156
33,player12,913.477783203125,55.82974624633789,954.6720581054688,131.83645629882812
33,player21,452.1170654296875,665.6475219726562,632.3776245117188,833.8602294921875
33,player22,1485.0615234375,680.6295776367188,1671.427490234375,871.4581909179688
34,player11,814.9065551757812,142.905517578125,864.3802490234375,240.98855590820312
34,player12,921.1422729492188,56.22285842895508,955.0065307617188,131.93649291992188
34,player21,452.5216979980469,665.7122802734375,633.7635498046875,834.2232055664062
34,player22,1484.6246337890625,679.83251953125,1670.21923828125,871.9851684570312
35,player11,804.7029418945312,142.87362670898438,861.6937866210938,240.67735290527344
35,player12,917.8182983398438,57.861480712890625,954.9525146484375,131.9176025390625
35,player21,452.8941955566406,665.6781616210938,629.5751953125,833.610595703125
35,player21,453.8089294433594,665.9771118164062,588.673095703125,787.0706787109375
35,player22,1482.7786865234375,679.784912109375,1668.208740234375,872.7989501953125
36,player11,795.0958862304688,142.914794921875,858.9284057617188,241.50364685058594
36,player12,921.6204833984375,58.54851531982422,955.2888793945312,131.68344116210938
36,player21,454.1620788574219,666.203125,594.2356567382812,787.41015625
36,player22,1482.3480224609375,678.6513671875,1666.3985595703125,872.241455078125
37,player11,783.1709594726562,143.80979919433594,858.239013671875,242.96884155273438
37,player12,924.29052734375,59.29119873046875,957.0377807617188,131.90670776367188
37,player21,453.9071044921875,665.8740234375,596.0352783203125,786.919921875
37,player22,1482.482177734375,678.3775024414062,1663.781982421875,871.0589599609375
38,player11,771.6625366210938,144.24530029296875,858.3565063476562,243.33148193359375
38,player12,925.6521606445312,59.5521354675293,957.96044921875,132.00120544433594
38,player21,453.58489990234375,665.7128295898438,605.92138671875,794.5406494140625
38,player22,1482.7506103515625,678.4180908203125,1660.475341796875,870.2713012695312
39,player11,766.1638793945312,145.4093017578125,859.6702270507812,245.3409881591797
39,player12,925.8099365234375,59.67223358154297,958.6651611328125,132.2047882080078
39,player21,454.7014465332031,665.3832397460938,627.0182495117188,824.6943359375
39,player22,1483.1881103515625,677.8388671875,1658.0419921875,869.0049438476562
40,player11,764.0120239257812,146.92811584472656,859.5997314453125,246.0121612548828
40,player12,926.07373046875,59.7264518737793,959.5742797851562,132.33689880371094
40,player21,455.65814208984375,665.2743530273438,634.9684448242188,831.826416015625
40,player22,1482.6356201171875,677.5147705078125,1655.9488525390625,868.6986694335938
41,player11,762.9376220703125,149.21046447753906,859.217041015625,247.13938903808594
41,player12,926.8731689453125,60.78944778442383,960.2710571289062,133.18017578125
41,player21,457.0531311035156,665.211669921875,632.9560546875,834.5357055664062
41,player22,1482.3636474609375,676.8279418945312,1654.51123046875,868.1405029296875
42,player11,762.5831909179688,150.94842529296875,859.0011596679688,248.1362762451172
42,player12,927.5225830078125,61.72838592529297,960.7423095703125,133.78695678710938
42,player21,458.91766357421875,665.4557495117188,633.0953979492188,835.7568359375
42,player22,1481.2191162109375,675.4904174804688,1652.086181640625,867.7339477539062
43,player11,762.6792602539062,152.1464385986328,856.6202392578125,248.42625427246094
43,player12,927.5010375976562,62.552513122558594,960.9680786132812,134.8262176513672
43,player21,460.5079345703125,665.8676147460938,640.0613403320312,836.0822143554688
43,player22,1480.8555908203125,674.596923828125,1650.6202392578125,867.8303833007812
44,player11,763.240966796875,153.5499267578125,856.0534057617188,247.75315856933594
44,player12,927.6665649414062,62.98500442504883,961.1736450195312,135.482177734375
44,player21,462.93182373046875,665.8919677734375,636.8880615234375,836.0911865234375
44,player22,1480.6385498046875,673.2625732421875,1649.6739501953125,867.990234375
45,player11,763.7453002929688,155.0270233154297,853.4024658203125,247.05575561523438
45,player12,927.8837280273438,63.69072341918945,962.0094604492188,136.64015197753906
45,player21,464.74993896484375,666.0230102539062,642.5901489257812,836.2168579101562
45,player22,1480.824462890625,672.0704345703125,1648.7254638671875,867.9360961914062
46,player11,764.2010498046875,155.45806884765625,850.2117309570312,246.54766845703125
46,player12,927.9888916015625,63.75859451293945,962.5012817382812,137.64796447753906
46,player21,468.3498840332031,666.2975463867188,636.1564331054688,836.3173828125
46,player22,1480.771484375,670.3148803710938,1648.4449462890625,868.2144165039062
47,player11,764.7468872070312,155.81533813476562,849.3497924804688,246.4239959716797
47,player12,928.755859375,63.995723724365234,963.1236572265625,137.58567810058594
47,player21,471.8434753417969,666.6071166992188,626.232421875,836.7351684570312
47,player22,1480.780517578125,668.453369140625,1648.168701171875,868.2557373046875
48,player11,764.7776489257812,156.12124633789062,849.0328369140625,245.801513671875
48,player12,928.2601318359375,64.23084259033203,963.3051147460938,137.31251525878906
48,player21,475.2362060546875,667.443359375,621.0079956054688,836.7815551757812
48,player22,1479.6185302734375,666.6179809570312,1647.7843017578125,868.26171875
49,player11,764.9039306640625,156.31515502929688,848.9446411132812,246.21888732910156
49,player12,929.0152587890625,64.47171020507812,963.6204223632812,137.13209533691406
49,player21,478.6046142578125,667.7899169921875,616.7722778320312,836.720947265625
49,player22,1478.9796142578125,665.4248046875,1647.5635986328125,867.7974853515625
50,player11,765.0368041992188,156.7838592529297,848.8587036132812,246.23553466796875
50,player12,928.95849609375,64.918212890625,964.595703125,137.68057250976562
50,player21,482.1658630371094,667.7369384765625,617.5831909179688,836.8143920898438
50,player22,1478.865478515625,663.7137451171875,1647.2020263671875,867.0381469726562
51,player11,765.3553466796875,157.0944366455078,848.7822265625,246.08599853515625
51,player12,928.0884399414062,65.32121276855469,965.0388793945312,138.181640625
51,player21,484.41998291015625,667.7588500976562,619.2677612304688,836.915771484375
51,player22,1478.6234130859375,662.3997192382812,1647.051513671875,866.3553466796875
52,player11,765.5442504882812,157.2851104736328,848.780029296875,245.87110900878906
52,player12,927.482177734375,65.00436401367188,966.4541015625,138.30352783203125
52,player21,487.0272216796875,667.9545288085938,620.3248901367188,836.8666381835938
52,player22,1478.4212646484375,661.4948120117188,1646.936279296875,867.2635498046875
53,player11,765.7111206054688,157.45875549316406,848.7767944335938,245.9959259033203
53,player12,927.973388671875,64.42582702636719,967.9209594726562,138.56382751464844
53,player21,490.4989929199219,668.0764770507812,624.8844604492188,836.7147827148438
53,player22,1478.3099365234375,660.5256958007812,1646.5064697265625,864.2862548828125
54,player11,765.8365478515625,157.6890411376953,848.8048095703125,246.1831817626953
54,player12,928.9356079101562,63.80673599243164,969.0928344726562,139.29713439941406
54,player21,493.3726806640625,668.077880859375,630.8436279296875,836.4501953125
54,player22,1478.7802734375,659.4683837890625,1646.079833984375,863.8421630859375
55,player11,765.9035034179688,158.1839141845703,848.7755126953125,245.95718383789062
55,player12,930.3096923828125,63.94935989379883,970.1654052734375,138.6772003173828
55,player21,495.6846008300781,667.9597778320312,635.2076416015625,836.3999633789062
55,player22,1477.822021484375,658.9056396484375,1645.393798828125,862.8642578125
56,player11,765.8919067382812,158.641357421875,848.8851318359375,246.20472717285156
56,player12,930.8399658203125,64.85289764404297,971.7451782226562,138.65199279785156
56,player21,497.2156677246094,667.7349853515625,639.7461547851562,836.3535766601562
56,player22,1464.0277099609375,658.7474975585938,1643.66943359375,859.7191772460938
57,player11,766.032470703125,159.282470703125,848.9401245117188,246.03741455078125
57,player12,931.9169921875,66.91809844970703,973.3348388671875,138.81478881835938
57,player21,497.7735595703125,667.6450805664062,644.0516357421875,836.0653076171875
57,player22,1457.464111328125,659.4000854492188,1640.5208740234375,857.146728515625
58,player11,765.5731201171875,160.3227996826172,849.0072021484375,245.56629943847656
58,player12,932.2520751953125,67.98381805419922,975.3074951171875,139.77597045898438
58,player21,498.2695617675781,667.9231567382812,643.987060546875,835.460693359375
58,player22,1485.5731201171875,660.6844482421875,1637.3531494140625,843.31005859375
59,player11,765.4404296875,160.65943908691406,849.1008911132812,245.56166076660156
59,player12,933.0272827148438,69.4205551147461,979.4117431640625,140.3548126220703
59,player21,498.2152404785156,667.3004760742188,657.3118286132812,833.516845703125
59,player22,1459.776123046875,661.963134765625,1633.8958740234375,851.0927124023438
60,player11,765.47412109375,160.80384826660156,849.2092895507812,245.7982177734375
60,player12,932.5496215820312,70.46265411376953,982.8388671875,143.26417541503906
60,player21,498.2962646484375,667.1309204101562,663.865966796875,832.7056274414062
60,player22,1449.0150146484375,664.5314331054688,1627.8582763671875,843.4315795898438
61,player11,765.4758911132812,160.8185272216797,849.2500610351562,245.8546905517578
61,player12,932.7763671875,71.770263671875,984.9413452148438,143.59022521972656
61,player21,498.1846618652344,666.9141235351562,666.9566040039062,830.2322998046875
61,player22,1466.2132568359375,668.7109375,1623.440673828125,837.2494506835938
62,player11,765.4658813476562,160.71473693847656,849.2674560546875,245.97610473632812
62,player12,932.1583251953125,71.73270416259766,988.46435546875,144.5771484375
62,player21,498.4386901855469,666.8781127929688,664.3316650390625,831.3626708984375
62,player22,1477.520263671875,672.4757690429688,1618.16064453125,831.0543823242188
63,player11,765.724365234375,159.987060546875,849.3949584960938,246.89572143554688
63,player12,933.1961059570312,72.07447814941406,992.2181396484375,144.43365478515625
63,player21,497.6216125488281,665.8829956054688,660.00439453125,832.28759765625
63,player22,1477.6817626953125,675.0874633789062,1612.78076171875,828.4576416015625
64,player11,765.4767456054688,160.2843780517578,849.3804931640625,246.4199981689453
64,player12,937.7946166992188,72.7896728515625,995.47607421875,144.4754638671875
64,player21,497.04534912109375,665.6184692382812,656.5084838867188,834.065673828125
64,player22,1476.2479248046875,676.553466796875,1608.177734375,825.3825073242188
65,player11,765.7069702148438,159.67063903808594,849.5362548828125,246.9728546142578
65,player12,945.4777221679688,72.36137390136719,998.637939453125,144.98983764648438
65,player21,495.6884460449219,665.3155517578125,655.0883178710938,834.0399169921875
65,player22,1476.3902587890625,678.0061645507812,1602.8853759765625,822.8364868164062
66,player11,765.758056640625,159.21058654785156,849.6325073242188,247.35836791992188
66,player12,951.4132080078125,72.08486938476562,1001.18505859375,146.5376434326172
66,player21,494.25140380859375,664.6815795898438,655.4649047851562,833.946044921875
66,player22,1478.58935546875,679.0234375,1599.71826171875,819.6930541992188
67,player11,765.8345336914062,158.92176818847656,849.70068359375,247.2213134765625
67,player12,955.5764770507812,71.78421020507812,1006.1399536132812,148.3278045654297
67,player21,492.1180725097656,663.6437377929688,652.21337890625,833.994140625
67,player22,1478.36962890625,680.0189208984375,1597.36376953125,822.4296264648438
68,player11,765.8896484375,158.84292602539062,849.761474609375,247.36326599121094
68,player12,960.2261352539062,70.68582153320312,1009.4293823242188,149.09678649902344
68,player21,489.2381591796875,662.7102661132812,649.1865234375,834.5675659179688
68,player22,1477.44970703125,680.5585327148438,1595.691162109375,848.7737426757812
69,player11,765.8851928710938,158.77249145507812,849.8937377929688,247.56817626953125
69,player12,963.9038696289062,70.74163818359375,1012.1561279296875,153.51646423339844
69,player21,486.5130615234375,662.4681396484375,648.0394287109375,834.7985229492188
70,player11,765.8981323242188,158.46295166015625,849.9594116210938,246.92120361328125
70,player12,967.4419555664062,71.05359649658203,1015.6701049804688,156.67514038085938
71,player11,765.9393920898438,157.94461059570312,850.0560913085938,246.45367431640625
71,player12,970.6959838867188,73.9341049194336,1018.3839721679688,158.33822631835938
71,player21,481.6603698730469,660.423828125,648.0150756835938,834.8980102539062
72,player11,766.0264892578125,157.18226623535156,850.127685546875,245.70973205566406
72,player12,973.8327026367188,76.81419372558594,1022.0573120117188,159.229248046875
73,player11,765.8941650390625,156.9240264892578,850.4100952148438,245.1732940673828
73,player12,977.0654907226562,78.34056091308594,1026.8101806640625,159.8940887451172
74,player11,765.6756591796875,154.99388122558594,850.5238647460938,245.67364501953125
74,player12,979.4855346679688,78.24182891845703,1035.57177734375,160.51974487304688
75,player11,766.1608276367188,153.13040161132812,850.38623046875,245.43064880371094
75,player12,980.4813232421875,78.71784973144531,1047.59765625,160.43678283691406
76,player11,766.1647338867188,151.4537811279297,850.1549072265625,247.0563201904297
76,player12,981.0025024414062,77.9433364868164,1056.5882568359375,160.80706787109375
77,player11,767.4989013671875,149.62301635742188,850.149658203125,244.8033905029297
77,player12,984.1531982421875,77.76002502441406,1066.4169921875,161.70872497558594
78,player11,771.4566040039062,148.33895874023438,850.0772094726562,243.23550415039062
78,player12,987.5026245117188,78.05985260009766,1072.428466796875,162.5602264404297
78,player21,464.73724365234375,656.0477905273438,599.7625122070312,790.0572509765625
79,player11,777.408447265625,146.31761169433594,850.2482299804688,241.97142028808594
79,player12,991.951904296875,79.58272552490234,1076.1982421875,163.75343322753906
79,player21,461.28289794921875,655.929931640625,593.84619140625,788.027099609375
79,player22,1380.552001953125,700.3081665039062,1581.2664794921875,854.6210327148438
80,player11,787.8553466796875,146.76156616210938,851.0484008789062,240.09034729003906
80,player12,998.9960327148438,81.06732940673828,1078.973388671875,164.3114776611328
80,player21,458.63494873046875,654.693115234375,609.6737060546875,790.2487182617188
80,player22,1373.55517578125,700.1380615234375,1577.7847900390625,877.2081909179688
81,player11,794.4915161132812,146.6398162841797,851.914306640625,239.2045135498047
81,player12,1008.5665283203125,81.21028900146484,1080.5860595703125,166.0184783935547
81,player21,457.14459228515625,654.6477661132812,602.1112060546875,787.7977294921875
82,player11,797.472412109375,144.33897399902344,854.3749389648438,237.5742645263672
82,player12,1019.331787109375,81.20883178710938,1083.5538330078125,167.0771942138672
82,player21,455.43389892578125,653.849365234375,609.8804931640625,789.3446044921875
82,player22,1365.020263671875,692.02001953125,1566.58544921875,902.7845458984375
83,player11,799.7694091796875,143.29135131835938,857.6328735351562,236.91915893554688
83,player12,1031.0858154296875,80.69405364990234,1086.915283203125,167.44345092773438
83,player21,454.114990234375,653.540283203125,615.53369140625,790.0382690429688
84,player11,800.7799682617188,143.03012084960938,859.3721923828125,235.97959899902344
84,player12,1037.1724853515625,80.98531341552734,1089.020263671875,168.2460174560547
84,player21,453.0988464355469,653.3344116210938,615.3875122070312,790.2732543945312
84,player22,1362.0819091796875,681.9308471679688,1553.4183349609375,912.5674438476562
85,player11,801.20068359375,142.87388610839844,860.6013793945312,234.89715576171875
85,player12,1041.8818359375,81.0906982421875,1091.35498046875,170.92115783691406
85,player21,452.1803283691406,653.2607421875,616.1709594726562,790.310791015625
85,player22,1361.379150390625,676.3287963867188,1547.3399658203125,913.0077514648438
86,player11,801.4766235351562,143.14035034179688,859.9630737304688,233.6618194580078
86,player12,1045.465087890625,81.80598449707031,1094.6558837890625,172.63104248046875
86,player21,451.4078063964844,653.3237915039062,619.2594604492188,790.8873901367188
86,player22,1361.0361328125,668.1304931640625,1540.552490234375,911.360107421875
87,player11,802.2485961914062,143.30557250976562,862.0634155273438,232.1772003173828
87,player12,1048.0333251953125,83.280029296875,1097.9908447265625,175.08688354492188
87,player21,450.4984130859375,653.238525390625,621.48583984375,791.5029907226562
87,player22,1360.622314453125,662.849853515625,1535.4027099609375,907.3616333007812
88,player11,803.6266479492188,143.3833770751953,863.810302734375,231.1874542236328
88,player12,1051.59912109375,85.43970489501953,1105.3851318359375,176.07412719726562
88,player21,449.3015441894531,653.150146484375,621.6749267578125,791.8001708984375
88,player22,1360.7418212890625,653.5278930664062,1531.1312255859375,897.5634155273438
89,player11,805.023193359375,143.36373901367188,869.3429565429688,231.15850830078125
89,player12,1055.875732421875,87.83527374267578,1114.238037109375,176.73324584960938
89,player21,448.2732849121094,653.23046875,621.7944946289062,791.8699951171875
89,player22,1361.1116943359375,642.6968994140625,1528.399658203125,856.4747314453125
90,player11,807.3949584960938,143.3554229736328,875.7569580078125,231.0769500732422
90,player12,1058.8046875,88.55205535888672,1123.799560546875,176.86293029785156
90,player21,447.6958923339844,653.3397216796875,620.656005859375,792.1016845703125
90,player22,1361.355224609375,626.48779296875,1523.2176513671875,839.1406860351562
91,player11,810.4338989257812,142.7884063720703,882.970947265625,230.96946716308594
91,player12,1062.5709228515625,89.18659210205078,1128.7330322265625,176.75689697265625
91,player21,447.2210388183594,653.9940185546875,601.5465087890625,790.4342651367188
91,player22,1360.472412109375,612.1062622070312,1517.302734375,832.9528198242188
92,player11,813.0719604492188,142.27505493164062,890.5509033203125,231.0066680908203
92,player12,1066.29150390625,90.93800354003906,1131.4312744140625,176.83570861816406
92,player21,446.7498474121094,653.9666748046875,592.0648803710938,789.2802124023438
92,player22,1358.1668701171875,603.5054931640625,1512.691650390625,830.9655151367188
93,player11,815.26953125,141.7713165283203,896.2156982421875,231.18370056152344
93,player12,1068.672119140625,91.08649444580078,1132.324951171875,177.75579833984375
93,player21,446.59613037109375,653.8983764648438,588.9675903320312,789.0679931640625
93,player22,1357.5032958984375,598.0202026367188,1506.764404296875,830.4439697265625
94,player11,817.1399536132812,142.1689453125,903.0061645507812,231.43995666503906
94,player12,1070.8045654296875,89.95536041259766,1132.22314453125,177.8592529296875
94,player21,446.39404296875,652.5400390625,611.5259399414062,793.6024169921875
94,player22,1357.631103515625,584.7118530273438,1501.169921875,830.8158569335938
95,player11,818.4932250976562,142.31768798828125,907.1361694335938,229.99746704101562
95,player12,1070.7039794921875,89.48635864257812,1132.3878173828125,177.31533813476562
95,player21,446.0979309082031,651.2384643554688,622.9656372070312,807.8768310546875
95,player22,1357.3963623046875,580.8556518554688,1495.1900634765625,830.896728515625
96,player11,819.1607055664062,141.9001007080078,912.6466674804688,230.54885864257812
96,player12,1067.8546142578125,90.56575012207031,1131.9520263671875,177.64476013183594
96,player21,445.6805419921875,650.7305908203125,629.4080200195312,817.540771484375
96,player22,1354.709228515625,580.8342895507812,1488.701171875,830.2014770507812
97,player11,819.4700317382812,140.88031005859375,916.8115844726562,230.84539794921875
97,player12,1066.8741455078125,92.367919921875,1131.4708251953125,177.84988403320312
97,player21,445.74798583984375,650.73681640625,630.659912109375,819.350830078125
97,player22,1349.48828125,583.2487182617188,1484.26953125,829.3486328125
98,player11,819.267578125,140.2321014404297,919.89794921875,230.89089965820312
98,player12,1066.652587890625,93.66450500488281,1134.0865478515625,177.2834014892578
98,player21,446.3363037109375,650.4949951171875,626.696533203125,807.4448852539062
98,player22,1347.841064453125,590.2782592773438,1479.51318359375,828.00390625
99,player11,818.766357421875,139.7435760498047,920.8845825195312,230.708740234375
99,player12,1066.2724609375,96.6405029296875,1138.2064208984375,177.55287170410156
99,player21,447.094482421875,650.264892578125,632.4313354492188,819.7494506835938
99,player22,1341.929931640625,594.605224609375,1474.4525146484375,826.9654541015625
100,player11,818.8189697265625,137.59019470214844,920.8651733398438,230.7102813720703
100,player12,1065.7911376953125,101.68580627441406,1145.50634765625,177.81216430664062
100,player21,447.43035888671875,650.247314453125,622.5015258789062,804.644287109375
100,player22,1339.583984375,595.9452514648438,1469.1396484375,826.9268798828125
101,player11,819.3486328125,135.77108764648438,921.1633911132812,230.36553955078125
101,player12,1065.074462890625,103.70195770263672,1152.9853515625,177.5659942626953
101,player21,447.97833251953125,649.9906005859375,622.0999755859375,800.3428955078125
101,player22,1335.059814453125,591.8789672851562,1465.0103759765625,826.9903564453125
102,player11,820.4357299804688,134.56988525390625,921.7772216796875,230.2436065673828
102,player12,1064.1031494140625,105.10699462890625,1160.181396484375,178.19613647460938
102,player21,448.6101379394531,650.1090698242188,624.762939453125,817.9336547851562
102,player22,1331.5322265625,587.667236328125,1462.6253662109375,826.8910522460938
103,player11,823.1770629882812,132.31153869628906,921.458740234375,229.5431671142578
103,player12,1064.5814208984375,105.17501831054688,1165.86328125,178.2956085205078
103,player21,450.3765563964844,650.156982421875,622.045166015625,803.3890991210938
103,player22,1331.4169921875,581.1493530273438,1461.552001953125,822.2872924804688
104,player11,826.344970703125,129.95452880859375,921.4605712890625,228.0958709716797
104,player12,1064.2191162109375,105.20404052734375,1169.4140625,178.82762145996094
104,player21,451.994873046875,650.3933715820312,616.7100219726562,796.7214965820312
104,player22,1333.8760986328125,574.6996459960938,1461.0521240234375,816.7588500976562
105,player11,830.0713500976562,128.34988403320312,920.9097290039062,227.20274353027344
105,player12,1065.3214111328125,106.57620239257812,1178.43359375,178.38807678222656
105,player21,453.8323669433594,651.5155639648438,605.0737915039062,791.255126953125
105,player22,1336.9833984375,566.1694946289062,1460.817626953125,808.4970092773438
106,player11,835.6607666015625,127.36091613769531,920.6744995117188,224.16439819335938
106,player12,1068.1376953125,106.57928466796875,1195.9986572265625,177.8181915283203
106,player21,454.6722106933594,652.0736694335938,617.4690551757812,821.8050537109375
106,player22,1342.772216796875,557.1271362304688,1460.8441162109375,786.2310180664062
107,player11,840.94970703125,125.30815124511719,919.853759765625,222.30691528320312
107,player12,1073.2259521484375,107.0994644165039,1212.5692138671875,178.13192749023438
107,player21,456.2522888183594,653.0717163085938,602.4721069335938,802.55078125
107,player21,456.8448486328125,653.8558959960938,611.6234741210938,829.4812622070312
107,player22,1349.4254150390625,547.8482055664062,1460.746826171875,776.8905029296875
108,player11,846.6923217773438,124.05208587646484,919.045166015625,222.53533935546875
108,player12,1079.7374267578125,107.777099609375,1226.7159423828125,178.53805541992188
108,player21,458.33013916015625,653.8912353515625,615.851318359375,830.3052368164062
108,player21,458.4796142578125,653.8884887695312,598.0615844726562,800.7352905273438
108,player22,1352.2939453125,536.9802856445312,1460.7457275390625,761.8003540039062
109,player11,851.5848999023438,123.59091186523438,919.4598388671875,222.4259490966797
109,player12,1088.6043701171875,108.03840637207031,1242.27978515625,179.07577514648438
109,player21,460.5711669921875,654.0446166992188,618.9280395507812,838.5281982421875
109,player21,460.5383605957031,654.0258178710938,602.7962036132812,788.2442626953125
109,player22,1351.484375,525.958984375,1462.0093994140625,746.5904541015625
110,player11,853.8883666992188,122.7378158569336,919.5454711914062,222.06312561035156
110,player12,1099.491943359375,109.66709899902344,1223.6796875,178.67385864257812
110,player21,463.0157470703125,652.6117553710938,625.126708984375,843.5879516601562
110,player22,1346.3089599609375,517.17236328125,1464.2725830078125,730.1112670898438
111,player11,854.5208129882812,122.33647155761719,919.594970703125,221.8536834716797
111,player12,1131.5728759765625,111.14794158935547,1247.4932861328125,178.02777099609375
111,player21,464.9169921875,653.49072265625,632.0985107421875,810.2484741210938
111,player22,1342.50390625,509.14410400390625,1465.091796875,714.8618774414062
112,player11,854.0753173828125,122.38058471679688,918.3358154296875,221.7490997314453
112,player12,1137.899658203125,111.94104766845703,1257.2777099609375,177.4652099609375
112,player21,467.5027770996094,654.284912109375,630.1091918945312,835.4093627929688
112,player21,466.6450500488281,653.7572021484375,628.46728515625,785.7254638671875
112,player22,1328.219970703125,503.03656005859375,1463.2828369140625,706.5175170898438
113,player11,852.1399536132812,122.3727798461914,918.2728881835938,221.7732391357422
113,player12,1147.3516845703125,112.68184661865234,1259.6607666015625,179.51199340820312
113,player21,469.866455078125,654.3651123046875,630.5327758789062,840.4749755859375
113,player21,468.64154052734375,653.5065307617188,632.8840942382812,786.2230224609375
113,player22,1308.641357421875,498.88812255859375,1459.0938720703125,695.3099365234375
114,player11,850.6024780273438,122.39215087890625,916.9356079101562,221.55886840820312
114,player12,1153.2662353515625,111.22065734863281,1260.5513916015625,180.7117919921875
114,player21,472.31744384765625,653.8804931640625,633.7067260742188,842.1428833007812
114,player22,1290.079833984375,496.09344482421875,1454.263916015625,684.669189453125
115,player11,849.0661010742188,122.40302276611328,916.5502319335938,221.5030517578125
115,player12,1156.6663818359375,110.24625396728516,1261.26953125,181.6795196533203
115,player21,475.1534118652344,653.7158203125,637.1865844726562,841.932373046875
115,player22,1273.056640625,495.3978576660156,1449.6798095703125,676.8287963867188
116,player11,847.9993286132812,122.64468383789062,915.7103271484375,221.747314453125
116,player12,1161.0987548828125,108.89307403564453,1265.968994140625,184.23777770996094
116,player21,477.45654296875,653.0838012695312,634.136962890625,841.9400024414062
116,player21,477.1716613769531,652.2337036132812,625.3524780273438,786.1907958984375
116,player22,1261.42138671875,496.5624084472656,1444.4525146484375,675.0928344726562
117,player11,845.98388671875,122.80865478515625,913.743408203125,221.69322204589844
117,player12,1166.3006591796875,107.96943664550781,1272.5,185.01966857910156
117,player21,478.88848876953125,650.844482421875,632.3692016601562,844.6294555664062
117,player21,479.12445068359375,650.9569702148438,623.3343505859375,785.6819458007812
117,player22,1255.50390625,496.62994384765625,1439.6365966796875,674.4609985351562
118,player11,845.7306518554688,122.85689544677734,908.6022338867188,221.83277893066406
118,player12,1199.374267578125,109.53585052490234,1278.009521484375,185.05990600585938
118,player21,480.3868408203125,649.043701171875,628.5559692382812,842.7335205078125
118,player21,480.52996826171875,649.0548706054688,622.4588012695312,786.0584716796875
118,player22,1250.673095703125,495.9269104003906,1431.6424560546875,674.6500244140625
119,player11,844.9909057617188,122.07621765136719,901.8345336914062,222.16455078125
119,player12,1216.276611328125,110.39028930664062,1279.56689453125,185.1859893798828
119,player21,483.1092529296875,646.936279296875,628.9044799804688,807.7334594726562
119,player22,1245.0230712890625,493.4351501464844,1422.3494873046875,674.31298828125
120,player11,844.41748046875,121.78369140625,895.2432250976562,221.4310302734375
120,player12,1225.1624755859375,110.10852813720703,1285.5787353515625,185.53741455078125
120,player21,486.1282043457031,645.3480224609375,641.3807983398438,825.1434936523438
120,player21,486.39703369140625,645.9791259765625,634.5388793945312,785.27392578125
120,player22,1240.9915771484375,489.425048828125,1417.8206787109375,674.8601684570312
121,player11,842.7338256835938,122.02317810058594,892.3346557617188,220.79318237304688
121,player12,1231.317626953125,109.82835388183594,1298.09619140625,185.60305786132812
121,player21,490.457763671875,645.1489868164062,651.2830810546875,827.3142700195312
121,player21,490.2308349609375,645.7636108398438,631.5335083007812,787.6082153320312
121,player22,1240.1533203125,483.2202453613281,1414.134033203125,669.1790771484375
122,player11,840.4808349609375,122.25920867919922,889.4853515625,220.26747131347656
122,player12,1236.9371337890625,108.39144134521484,1299.039306640625,185.05030822753906
122,player21,496.49530029296875,645.3606567382812,642.703369140625,804.76416015625
122,player22,1238.7593994140625,476.5065612792969,1410.6136474609375,660.2772216796875
123,player11,837.8639526367188,122.33126068115234,888.1676025390625,220.80795288085938
123,player12,1242.02978515625,106.85811614990234,1305.3431396484375,185.62278747558594
123,player21,500.88555908203125,646.5843505859375,671.4100952148438,819.7474975585938
123,player21,500.6075439453125,648.1781005859375,653.8710327148438,788.7930297851562
123,player22,1240.0299072265625,470.2904968261719,1403.337646484375,652.0472412109375
124,player11,835.1112060546875,122.18449401855469,885.8627319335938,221.1956329345703
124,player12,1242.8243408203125,105.86933898925781,1306.2218017578125,187.96942138671875
124,player21,503.3287658691406,648.4364013671875,679.5045776367188,824.8224487304688
124,player22,1239.67529296875,463.60430908203125,1395.0106201171875,647.0885009765625
125,player11,831.06982421875,120.4415054321289,881.9922485351562,221.3375701904297
125,player12,1243.1495361328125,106.52816009521484,1305.9288330078125,188.8220977783203
125,player21,502.2026062011719,649.72265625,683.1707763671875,825.3936157226562
125,player22,1239.4150390625,457.38519287109375,1390.1646728515625,642.2847290039062
126,player11,827.7774658203125,118.72312927246094,879.1160888671875,221.712890625
126,player12,1242.73681640625,105.65226745605469,1305.884765625,188.39501953125
126,player21,496.24652099609375,649.8958740234375,684.2200927734375,826.1258544921875
126,player21,494.13360595703125,650.3621826171875,655.12255859375,790.5264282226562
126,player22,1239.5181884765625,452.0125732421875,1385.6502685546875,639.6793823242188
127,player11,828.19873046875,116.90011596679688,876.249267578125,220.1834716796875
127,player12,1242.1226806640625,104.44235229492188,1306.331298828125,188.01754760742188
127,player21,483.27978515625,648.7578735351562,683.5853881835938,827.0897216796875
127,player22,1240.1295166015625,447.591552734375,1383.2767333984375,637.62255859375
128,player11,824.8306274414062,116.01506042480469,875.0997924804688,217.67259216308594
128,player12,1240.9427490234375,104.43817901611328,1307.4176025390625,187.40524291992188
128,player21,464.1340026855469,645.7445678710938,682.53369140625,826.986328125
128,player22,1241.1029052734375,443.6044006347656,1380.532958984375,636.7977294921875
129,player11,821.33349609375,113.96035766601562,874.7798461914062,216.62655639648438
129,player12,1240.9637451171875,104.46372985839844,1307.787353515625,187.03463745117188
129,player21,442.423828125,643.2304077148438,677.2153930664062,821.1170043945312
129,player22,1240.9583740234375,440.2161560058594,1378.2994384765625,636.6504516601562
130,player11,818.4688110351562,113.12036895751953,873.7763061523438,214.9438934326172
130,player12,1241.4571533203125,103.92186737060547,1307.2711181640625,187.63250732421875
130,player21,423.3606872558594,640.9365234375,652.956787109375,803.2089233398438
130,player22,1238.300537109375,436.3043518066406,1374.2843017578125,636.3753662109375
131,player11,818.7535400390625,112.35176086425781,871.7478637695312,210.92837524414062
131,player12,1242.1368408203125,104.82585906982422,1306.4517822265625,187.76512145996094
131,player21,409.5710754394531,638.5658569335938,637.896484375,794.0205078125
131,player22,1234.2391357421875,433.2372131347656,1375.4923095703125,636.20556640625
132,player11,818.8641357421875,110.76158142089844,868.9657592773438,208.70233154296875
132,player12,1241.35546875,105.22388458251953,1305.9244384765625,187.50820922851562
132,player21,404.05743408203125,636.4810791015625,628.9185791015625,790.799560546875
132,player22,1229.9619140625,430.2305603027344,1373.9747314453125,636.365478515625
133,player11,818.0537109375,109.93254089355469,866.0328369140625,207.39256286621094
133,player12,1241.054931640625,104.78550720214844,1305.1328125,186.83766174316406
133,player21,398.8024597167969,632.4896240234375,608.41064453125,787.3988647460938
133,player22,1226.83251953125,426.3701171875,1371.4376220703125,636.617431640625
134,player11,816.55810546875,107.82606506347656,863.8687133789062,206.16029357910156
134,player12,1239.13330078125,103.96341705322266,1304.08447265625,186.15919494628906
134,player21,390.1163024902344,627.1492309570312,579.6265869140625,784.795166015625
134,player22,1224.8043212890625,423.0989074707031,1363.3692626953125,636.51416015625
135,player11,814.137939453125,107.01123809814453,862.000732421875,205.36434936523438
135,player12,1237.6522216796875,103.29586791992188,1305.05224609375,185.19265747070312
135,player21,382.5007019042969,619.1839599609375,536.5104370117188,783.6239624023438
135,player22,1223.7825927734375,420.8793029785156,1360.4071044921875,634.0778198242188
136,player11,813.4840698242188,107.07501983642578,860.3117065429688,204.12416076660156
136,player12,1237.46533203125,103.17643737792969,1305.08935546875,184.5216522216797
136,player21,375.49212646484375,610.3004760742188,520.0477905273438,783.2318725585938
136,player22,1223.1685791015625,417.3772277832031,1352.0355224609375,630.0962524414062
137,player11,811.3648681640625,107.65118408203125,857.8148193359375,202.91024780273438
137,player12,1236.010498046875,102.1627197265625,1301.8443603515625,182.9269561767578
137,player22,1223.25927734375,414.2201843261719,1344.8818359375,621.7232666015625
138,player11,808.6883544921875,107.3634262084961,856.21142578125,199.87574768066406
138,player21,362.0601806640625,592.4263916015625,504.1285705566406,782.2938842773438
138,player22,1224.472900390625,410.815673828125,1338.929443359375,613.7796020507812
139,player11,805.2349853515625,107.40584564208984,855.4253540039062,197.39077758789062
139,player12,1232.96875,96.19771575927734,1278.4407958984375,172.7825164794922
139,player21,355.6125183105469,584.72021484375,495.63385009765625,782.18505859375
139,player22,1225.3245849609375,407.5940856933594,1334.121826171875,602.9323120117188
140,player11,804.8005981445312,105.00243377685547,854.8123779296875,194.6532745361328
140,player12,1227.67578125,92.637939453125,1273.021484375,169.65789794921875
140,player21,350.09600830078125,578.3574829101562,480.0785217285156,779.9180297851562
140,player22,1225.81982421875,404.4297790527344,1332.2406005859375,591.9537963867188
141,player11,803.01220703125,102.46359252929688,854.8193969726562,194.0754852294922
141,player12,1225.2294921875,90.32855224609375,1267.8516845703125,171.13601684570312
141,player21,345.4789733886719,571.5145874023438,455.0281066894531,765.73388671875
141,player22,1224.405029296875,401.9279479980469,1330.902099609375,586.8848266601562
142,player11,804.6998291015625,98.77706909179688,855.0211791992188,193.38844299316406
142,player12,1218.7197265625,91.58187103271484,1263.51171875,171.94532775878906
142,player21,339.09423828125,565.6167602539062,442.3361511230469,749.156005859375
142,player22,1221.3680419921875,399.044677734375,1329.11181640625,585.9268188476562
143,player11,804.9607543945312,96.64032745361328,854.3991088867188,191.4682159423828
143,player12,1212.1099853515625,91.71131896972656,1257.4771728515625,172.2480926513672
143,player21,322.23193359375,558.9638671875,438.2170715332031,741.8145751953125
143,player22,1217.4552001953125,396.6062927246094,1326.929443359375,586.7114868164062
144,player11,805.0640869140625,95.3070068359375,854.2606201171875,190.39157104492188
144,player12,1205.699462890625,88.30084228515625,1254.0323486328125,172.06561279296875
144,player21,305.8766784667969,552.8553466796875,435.82318115234375,738.0740966796875
144,player22,1211.7569580078125,394.1040954589844,1324.5546875,586.6744995117188
145,player11,802.9346923828125,95.1385498046875,854.7008666992188,187.83663940429688
145,player12,1200.408935546875,84.46598052978516,1248.864990234375,170.6006622314453
145,player21,296.05865478515625,545.7530517578125,432.8058166503906,732.2511596679688
145,player22,1206.2391357421875,391.5178527832031,1322.2366943359375,586.5926513671875
146,player11,803.1704711914062,94.86516571044922,854.8325805664062,185.64552307128906
146,player12,1193.0927734375,86.41883850097656,1244.399658203125,168.9178009033203
146,player21,294.2603759765625,540.9818115234375,429.1622009277344,724.2544555664062
146,player22,1200.59130859375,389.0269470214844,1319.6365966796875,586.8654174804688
147,player11,803.3419189453125,95.2688980102539,855.0812377929688,183.32293701171875
147,player12,1187.1868896484375,87.51266479492188,1240.1763916015625,168.14344787597656
147,player21,292.6561584472656,536.9553833007812,424.4623718261719,715.2572631835938
147,player22,1198.844482421875,387.61920166015625,1316.53076171875,586.3413696289062
148,player11,803.4697875976562,95.04878997802734,855.832763671875,182.14476013183594
148,player12,1183.2215576171875,87.3003921508789,1230.503662109375,167.3311767578125
148,player21,297.6338195800781,532.7169799804688,413.865478515625,704.8668823242188
148,player22,1196.924072265625,385.4571228027344,1311.88427734375,585.6375122070312
149,player11,802.9556884765625,94.5197525024414,856.6031494140625,181.7051239013672
149,player12,1179.3101806640625,86.53244018554688,1224.20654296875,166.71978759765625
149,player21,297.6474609375,526.9616088867188,403.2801208496094,692.6126708984375
149,player22,1197.1063232421875,383.5368957519531,1307.6173095703125,584.0392456054688
150,player11,801.3294677734375,93.51741790771484,857.2326049804688,181.68734741210938
150,player12,1171.2672119140625,86.91694641113281,1214.42138671875,166.33755493164062
150,player21,297.2288513183594,522.1412353515625,397.68170166015625,681.8268432617188
150,player22,1197.7037353515625,380.8896789550781,1303.3729248046875,581.1209716796875
151,player11,801.2702026367188,93.61611938476562,858.245361328125,180.106689453125
151,player12,1161.9315185546875,85.78225708007812,1206.03271484375,166.36045837402344
151,player21,295.56231689453125,516.0235595703125,393.29327392578125,676.1854248046875
151,player22,1198.1934814453125,377.5638122558594,1299.0367431640625,572.9591064453125
152,player11,799.7861328125,93.18012237548828,859.6612548828125,178.8184814453125
152,player12,1151.9552001953125,84.08528900146484,1201.783447265625,165.9085235595703
152,player21,260.5673828125,510.7107238769531,392.9039001464844,674.2445068359375
152,player22,1199.173095703125,374.80328369140625,1294.7535400390625,565.2250366210938
153,player11,800.5071411132812,93.14057922363281,859.1990356445312,176.6940155029297
153,player12,1143.02685546875,83.0447769165039,1198.8612060546875,166.4775848388672
153,player21,274.2535400390625,502.72418212890625,393.1146240234375,674.1116333007812
153,player22,1199.6514892578125,371.98175048828125,1291.07421875,556.8126220703125
154,player11,803.688232421875,92.62507629394531,858.9224853515625,172.330078125
154,player12,1134.687255859375,81.55453491210938,1195.740478515625,167.1472930908203
154,player21,288.8710021972656,493.8517150878906,395.5277404785156,673.9735107421875
154,player22,1200.878173828125,368.6785888671875,1289.0438232421875,549.9721069335938
155,player11,814.0228881835938,91.38301849365234,860.4037475585938,170.6487274169922
155,player12,1127.231689453125,80.7892074584961,1191.25439453125,166.29217529296875
155,player21,298.5477600097656,485.9713439941406,398.0225830078125,672.2545776367188
155,player22,1200.4002685546875,365.0842590332031,1287.3548583984375,543.8851928710938
156,player11,815.1322631835938,90.40306091308594,861.3435668945312,170.1078643798828
156,player12,1119.75439453125,80.91211700439453,1185.416259765625,164.06715393066406
156,player21,303.7788391113281,477.7503967285156,398.43560791015625,669.6069946289062
156,player22,1200.366455078125,361.6985168457031,1286.5648193359375,539.7387084960938
157,player11,817.5851440429688,89.37659454345703,861.3955688476562,169.25497436523438
157,player12,1119.7838134765625,80.46009826660156,1179.06884765625,163.3793487548828
157,player21,306.3597412109375,471.0013122558594,399.4427795410156,666.0845947265625
157,player22,1199.7371826171875,359.39581298828125,1286.9776611328125,538.4412841796875
158,player11,822.2332763671875,87.03412628173828,863.7490844726562,166.88677978515625
158,player12,1109.1983642578125,80.27182006835938,1173.2105712890625,161.85452270507812
158,player21,311.2613830566406,464.3958435058594,424.8246154785156,662.0829467773438
158,player22,1199.359375,357.4864196777344,1288.88671875,538.1727905273438
159,player11,824.0853881835938,86.6319580078125,865.1167602539062,165.88250732421875
159,player12,1101.7823486328125,80.21781921386719,1168.50390625,162.39599609375
159,player21,315.9623107910156,457.268798828125,447.3707580566406,655.2133178710938
159,player22,1199.637451171875,355.19329833984375,1295.533447265625,537.814697265625
160,player11,824.0491333007812,86.46202087402344,865.4068603515625,165.30213928222656
160,player12,1095.8310546875,79.69871520996094,1164.73388671875,161.6085968017578
160,player21,318.4576721191406,450.52716064453125,458.8154602050781,645.999267578125
160,player22,1199.45947265625,354.3260192871094,1299.281494140625,537.943115234375
161,player11,824.293701171875,85.50749969482422,865.0611572265625,163.35470581054688
161,player12,1092.1368408203125,80.99563598632812,1160.878173828125,160.9431915283203
161,player21,320.3755798339844,444.2359924316406,475.15704345703125,633.6785278320312
161,player22,1196.10693359375,354.2941589355469,1297.1473388671875,536.5990600585938
162,player11,824.4692993164062,83.58009338378906,865.6625366210938,161.677490234375
162,player12,1097.6102294921875,82.38734436035156,1157.6766357421875,161.95053100585938
162,player21,321.6933288574219,438.5291748046875,486.6695556640625,622.1401977539062
162,player22,1191.7525634765625,353.9444885253906,1297.541015625,533.9020385742188
163,player11,824.3094482421875,82.10354614257812,866.2131958007812,159.67893981933594
163,player12,1095.0626220703125,83.18872833251953,1153.05419921875,160.98043823242188
163,player21,320.21563720703125,433.13238525390625,479.9565124511719,610.1038208007812
163,player22,1186.1068115234375,354.1814880371094,1300.9798583984375,530.942138671875
164,player11,824.1124267578125,81.22097778320312,867.1450805664062,158.6283721923828
164,player12,1087.0361328125,86.11615753173828,1149.5843505859375,161.52310180664062
164,player21,320.7437438964844,428.1638488769531,476.5992126464844,597.0741577148438
164,player22,1182.27294921875,353.6190490722656,1302.080810546875,529.9096069335938
165,player11,823.5485229492188,80.49470520019531,867.5310668945312,156.9350128173828
165,player12,1083.796142578125,89.36627197265625,1146.2811279296875,162.05609130859375
165,player21,317.4403076171875,425.1341552734375,475.7000732421875,587.5783081054688
165,player22,1178.830078125,352.57037353515625,1299.130126953125,529.7417602539062
166,player11,824.5270385742188,79.8724594116211,868.7555541992188,155.46548461914062
166,player12,1082.0086669921875,89.787109375,1143.87109375,162.16671752929688
166,player21,315.9162292480469,424.84002685546875,478.6795959472656,576.0673217773438
166,player22,1172.8262939453125,351.9993591308594,1297.1468505859375,530.0100708007812
167,player11,825.313720703125,78.51290130615234,869.9004516601562,153.94540405273438
167,player12,1081.198974609375,91.04029083251953,1142.344482421875,162.63742065429688
167,player21,318.0010070800781,425.5588684082031,502.9317932128906,567.9786987304688
167,player22,1165.3665771484375,351.7053527832031,1292.1463623046875,532.3902587890625
168,player11,826.0582885742188,77.68862915039062,871.7062377929688,152.5648193359375
168,player12,1080.148193359375,92.64875030517578,1141.7147216796875,162.760498046875
168,player21,324.2703552246094,426.5113830566406,510.615478515625,562.6490478515625
168,player22,1158.697998046875,352.0920104980469,1286.654296875,535.881591796875
169,player11,826.7609252929688,77.788330078125,874.0501098632812,151.43797302246094
169,player12,1083.757568359375,93.8088150024414,1143.97119140625,162.46995544433594
169,player21,344.5364074707031,427.83056640625,498.7445068359375,559.592041015625
169,player22,1155.292724609375,353.03277587890625,1281.8565673828125,539.3797607421875
170,player11,827.5474243164062,76.93269348144531,877.2864379882812,150.78753662109375
170,player12,1085.3271484375,94.26566314697266,1146.9739990234375,161.29473876953125
170,player21,365.7397766113281,428.0138244628906,511.0882568359375,559.1136474609375
170,player22,1154.4329833984375,353.9794006347656,1278.6512451171875,541.1659545898438
171,player11,828.5278930664062,76.34770965576172,879.2288818359375,150.7300567626953
171,player12,1086.8280029296875,94.03731536865234,1150.7489013671875,161.35089111328125
171,player21,375.0096130371094,424.2083435058594,518.2598876953125,558.9966430664062
171,player22,1154.185546875,353.9169921875,1276.4176025390625,541.6566162109375
172,player11,829.300048828125,75.30790710449219,880.1015014648438,150.8325653076172
172,player12,1087.5955810546875,93.61241912841797,1154.814453125,160.0636749267578
172,player21,379.0718994140625,420.2154541015625,526.8723754882812,558.4694213867188
172,player22,1154.124267578125,353.63446044921875,1274.58740234375,541.9871215820312
173,player11,831.187744140625,73.56432342529297,880.5341796875,150.90037536621094
173,player12,1088.341552734375,92.40846252441406,1160.7037353515625,159.5655517578125
173,player21,382.6846618652344,416.4045715332031,534.85009765625,555.5257568359375
173,player22,1153.87451171875,353.61248779296875,1273.9833984375,541.9989013671875
174,player11,832.5870971679688,72.7054672241211,880.2891235351562,151.1350555419922
174,player12,1088.818359375,92.36701965332031,1166.123779296875,159.6404571533203
174,player21,388.2782897949219,413.2092590332031,543.2258911132812,551.2739868164062
174,player22,1154.0037841796875,352.90252685546875,1273.682861328125,542.0428466796875
175,player11,834.2770385742188,72.3173828125,879.9180908203125,151.54800415039062
175,player12,1088.5751953125,92.64033508300781,1173.120849609375,159.796630859375
175,player21,398.9966125488281,410.174072265625,554.5313720703125,546.4450073242188
175,player22,1154.361572265625,352.3573303222656,1273.603515625,542.1715087890625
176,player11,834.4801635742188,71.00411224365234,879.5234985351562,151.7392120361328
176,player12,1090.3787841796875,93.41670227050781,1179.85986328125,159.78463745117188
176,player21,416.2889099121094,407.9001770019531,569.7907104492188,541.563720703125
176,player22,1154.436279296875,352.2465515136719,1273.627685546875,542.1558837890625
177,player11,833.945068359375,70.51358795166016,879.3413696289062,151.8246307373047
177,player12,1107.34765625,94.75601196289062,1182.937255859375,160.41368103027344
177,player21,441.2932434082031,403.4557800292969,584.112548828125,538.1237182617188
177,player22,1154.4383544921875,351.9935607910156,1274.7562255859375,541.5552978515625
178,player11,833.6365966796875,69.06458282470703,879.354736328125,151.85276794433594
178,player12,1096.6556396484375,95.57129669189453,1187.1220703125,160.9022979736328
178,player21,469.9468688964844,398.3665771484375,577.5074462890625,533.3333740234375
178,player22,1154.2811279296875,351.2580261230469,1277.05126953125,541.0103759765625
179,player11,833.6268310546875,68.73319244384766,879.4749145507812,151.9093780517578
179,player12,1096.9810791015625,98.4736557006836,1190.4783935546875,161.45449829101562
179,player21,488.1884765625,391.2768249511719,614.1159057617188,533.143310546875
179,player22,1154.4508056640625,350.7509765625,1279.5635986328125,540.4036865234375
180,player11,833.965576171875,67.97172546386719,879.40869140625,151.7308807373047
180,player12,1123.851806640625,98.52360534667969,1200.2281494140625,162.705322265625
180,player21,500.7904968261719,385.602783203125,630.1437377929688,536.0621948242188
180,player22,1154.2652587890625,349.8929138183594,1282.8648681640625,539.644775390625
181,player11,834.5105590820312,67.49042510986328,879.6782836914062,151.62521362304688
181,player12,1141.21337890625,101.38966369628906,1207.7855224609375,162.91709899902344
181,player21,511.9096374511719,380.5852966308594,647.7857666015625,534.8134765625
181,player22,1153.5147705078125,348.8404541015625,1285.4713134765625,537.8411254882812
182,player11,835.35205078125,67.20103454589844,879.7325439453125,150.6603240966797
182,player12,1143.0565185546875,101.95796966552734,1213.935791015625,163.23968505859375
182,player21,519.1417236328125,376.2354431152344,663.28369140625,533.3271484375
182,player22,1153.2518310546875,347.48126220703125,1287.3978271484375,535.894287109375
183,player11,836.4155883789062,66.68218231201172,879.821044921875,149.70567321777344
183,player12,1153.022216796875,102.482177734375,1215.14111328125,160.2612762451172
183,player21,532.1173706054688,373.184814453125,683.4790649414062,526.6868896484375
183,player22,1158.328125,345.4519348144531,1289.2235107421875,534.8113403320312
184,player11,837.3912353515625,65.95832824707031,879.8778076171875,149.06410217285156
184,player21,557.3373413085938,372.22259521484375,693.040283203125,516.1522827148438
184,player22,1162.294921875,342.8721923828125,1291.4415283203125,533.5390014648438
185,player11,837.7496948242188,65.89486694335938,879.859375,148.8588409423828
185,player12,1163.3394775390625,102.10665130615234,1219.1978759765625,158.66427612304688
185,player21,582.3963623046875,372.854248046875,706.50048828125,512.2174682617188
185,player22,1162.8782958984375,341.5258483886719,1293.1488037109375,531.4745483398438
186,player11,837.8038940429688,65.7052230834961,879.6267700195312,148.8968048095703
186,player12,1163.2379150390625,100.73521423339844,1227.9061279296875,161.10379028320312
186,player21,603.557373046875,370.642822265625,706.888916015625,507.76751708984375
186,player22,1163.5316162109375,341.01190185546875,1294.747802734375,528.1282348632812
187,player11,838.1929931640625,65.72184753417969,879.3278198242188,149.0453643798828
187,player12,1164.16845703125,98.9178695678711,1236.8963623046875,162.98255920410156
187,player21,621.2257080078125,369.2566223144531,714.8754272460938,508.9946594238281
187,player22,1164.8267822265625,341.83392333984375,1295.6102294921875,527.2442626953125
188,player11,838.2822875976562,65.85344696044922,879.1242065429688,149.48321533203125
188,player12,1165.765869140625,97.90074157714844,1242.45849609375,163.63540649414062
188,player21,634.68505859375,367.6685791015625,726.5615234375,506.60321044921875
188,player22,1165.9639892578125,343.9706726074219,1296.388427734375,527.37353515625
189,player11,838.2230224609375,65.65491485595703,878.9000854492188,149.57716369628906
189,player12,1169.1453857421875,95.55712890625,1243.9600830078125,162.77548217773438
189,player21,646.5408325195312,366.0369567871094,749.7185668945312,506.0583801269531
189,player22,1165.2193603515625,346.4272155761719,1296.01318359375,527.2432250976562
190,player11,838.1055297851562,65.52235412597656,878.8056030273438,149.52127075195312
190,player12,1180.15087890625,94.9083480834961,1243.6763916015625,161.11143493652344
190,player21,655.615966796875,366.4364318847656,780.8336181640625,508.7466735839844
190,player22,1165.9168701171875,347.2097473144531,1294.025634765625,527.0059814453125
191,player11,838.1018676757812,65.32893371582031,878.6937255859375,149.34181213378906
191,player12,1189.552978515625,93.80648803710938,1242.8505859375,159.71646118164062
191,player21,665.5938110351562,367.9736633300781,795.702392578125,508.31951904296875
191,player22,1166.2930908203125,346.4610595703125,1288.6781005859375,525.99853515625
192,player11,837.7650756835938,65.8366928100586,878.5321044921875,149.44827270507812
192,player12,1194.2027587890625,92.59376525878906,1245.246337890625,161.11703491210938
192,player21,675.6544799804688,367.52923583984375,800.1539306640625,511.89141845703125
192,player22,1166.3780517578125,344.7464904785156,1285.8492431640625,522.5968017578125
193,player11,837.395751953125,66.57093811035156,878.4740600585938,149.32969665527344
193,player12,1201.3505859375,90.5270767211914,1246.6898193359375,160.63343811035156
193,player21,687.9635620117188,367.29876708984375,803.87939453125,507.3695983886719
193,player22,1166.338134765625,343.4248046875,1284.43359375,520.3760375976562
194,player11,836.7673950195312,66.64326477050781,878.3746948242188,149.40069580078125
194,player12,1205.7386474609375,86.75636291503906,1247.2652587890625,160.60629272460938
194,player21,701.0277099609375,369.5566711425781,813.538330078125,505.5026550292969
194,player22,1166.521240234375,341.9690856933594,1283.7554931640625,516.8853149414062
195,player11,835.6827392578125,65.74251556396484,878.3601684570312,149.32928466796875
195,player12,1208.895751953125,85.05087280273438,1246.6544189453125,160.59466552734375
195,player21,717.2817993164062,370.91168212890625,821.3832397460938,508.94317626953125
195,player22,1166.2947998046875,341.0830993652344,1282.9207763671875,512.6475219726562
196,player11,834.9159545898438,64.71503448486328,878.2118530273438,148.8948974609375
196,player12,1210.6834716796875,82.88260650634766,1247.3323974609375,160.79782104492188
196,player21,728.2618408203125,372.3379821777344,825.2469482421875,518.9991455078125
196,player22,1165.8643798828125,340.48895263671875,1280.5704345703125,509.67083740234375
197,player11,834.030517578125,64.7683334350586,878.2373046875,148.74588012695312
197,player12,1212.203125,81.03285217285156,1248.3421630859375,160.7983856201172
197,player21,736.5133056640625,373.7607727050781,829.4991455078125,531.9241333007812
197,player22,1165.9849853515625,340.4841003417969,1277.9522705078125,508.1570129394531
198,player11,832.8482055664062,64.33977508544922,878.7181396484375,147.251708984375
198,player12,1213.65771484375,80.01094055175781,1249.7525634765625,161.1410675048828
198,player21,741.8997802734375,370.73486328125,832.4739990234375,542.6581420898438
198,player22,1166.167724609375,340.4140625,1276.9051513671875,507.7861022949219
199,player11,832.5113525390625,65.84739685058594,878.8929443359375,146.1304931640625
199,player12,1214.71533203125,79.53375244140625,1250.3616943359375,160.20558166503906
199,player21,744.6741333007812,357.2486267089844,835.8756713867188,549.7637939453125
199,player22,1166.0399169921875,340.71923828125,1276.7083740234375,507.921630859375
200,player11,831.4161376953125,65.9527359008789,878.7550048828125,147.63580322265625
200,player12,1215.7069091796875,78.98168182373047,1250.7938232421875,159.24392700195312
200,player21,746.8151245117188,346.0595397949219,840.4647216796875,554.478271484375
200,player22,1166.11572265625,341.35833740234375,1277.8482666015625,508.6951904296875
201,player11,831.4158325195312,67.46562957763672,879.096923828125,147.17678833007812
201,player12,1217.5078125,78.63359069824219,1250.9866943359375,158.1001739501953
201,player21,748.26513671875,340.3334655761719,842.0802612304688,559.4886474609375
201,player22,1166.3638916015625,341.3585510253906,1279.61083984375,509.2843017578125
202,player11,829.8560180664062,67.35414123535156,879.0810546875,148.26316833496094
202,player12,1216.7310791015625,78.48225402832031,1251.60400390625,157.0054168701172
202,player21,748.8832397460938,339.4074401855469,846.626953125,563.4811401367188
202,player22,1166.4085693359375,341.2939758300781,1280.9691162109375,509.8069152832031
203,player11,828.7420654296875,68.54559326171875,879.0049438476562,147.49560546875
203,player12,1215.8450927734375,78.49993133544922,1252.8626708984375,154.75555419921875
203,player21,748.6663818359375,344.99566650390625,851.4034423828125,566.8882446289062
203,player22,1165.72802734375,340.4989929199219,1283.485595703125,510.0841979980469
204,player11,826.9237670898438,69.69684600830078,879.47509765625,148.26344299316406
204,player12,1214.6627197265625,78.25411224365234,1252.93115234375,153.20828247070312
204,player21,748.8828735351562,353.73480224609375,851.94873046875,568.91064453125
204,player22,1166.4527587890625,339.0880126953125,1286.35107421875,509.89666748046875
205,player11,826.0968627929688,70.2994384765625,879.025390625,148.2514190673828
205,player12,1210.4442138671875,78.19744110107422,1253.319091796875,152.49974060058594
205,player21,746.760009765625,362.578369140625,853.0612182617188,569.7239379882812
205,player22,1166.253173828125,338.2066955566406,1290.1463623046875,510.1278991699219
206,player11,824.458740234375,70.36015319824219,879.1636352539062,148.0639190673828
206,player12,1207.6141357421875,77.72943878173828,1253.7459716796875,152.6565399169922
206,player21,743.1484375,372.1629333496094,852.5178833007812,569.5568237304688
206,player22,1167.42578125,338.000732421875,1293.093017578125,510.2193908691406
207,player11,822.5787353515625,70.9505844116211,878.328857421875,147.78060913085938
207,player12,1204.4744873046875,78.22071075439453,1253.8861083984375,152.90379333496094
207,player21,735.9688720703125,379.859130859375,852.0533447265625,569.4677734375
207,player22,1172.013916015625,337.8280334472656,1295.7176513671875,510.3080139160156
208,player11,820.7261962890625,71.80301666259766,876.65576171875,148.6643524169922
208,player12,1202.3763427734375,79.03213500976562,1253.9066162109375,152.6499786376953
208,player21,702.3055419921875,388.94818115234375,853.2366333007812,570.0017700195312
208,player22,1170.8475341796875,337.06524658203125,1298.7967529296875,510.44744873046875
209,player11,819.1840209960938,72.4236831665039,872.242919921875,148.90673828125
209,player12,1198.09228515625,77.77886962890625,1253.9501953125,152.73233032226562
209,player21,709.1631469726562,397.2583923339844,853.8092041015625,569.98388671875
209,player22,1170.7847900390625,336.2921447753906,1301.7115478515625,510.93316650390625
210,player11,817.015380859375,72.3223648071289,867.888427734375,149.88526916503906
210,player12,1195.0167236328125,75.54842376708984,1253.5712890625,153.0348663330078
210,player21,707.7562255859375,388.4593200683594,856.2105102539062,566.7996215820312
210,player22,1175.06103515625,335.3391418457031,1303.603271484375,511.2366943359375
211,player11,816.01171875,72.3321762084961,865.2800903320312,150.8987579345703
211,player12,1194.0316162109375,72.55658721923828,1252.3885498046875,152.4158935546875
211,player21,703.2562255859375,375.2635498046875,859.02978515625,563.4754638671875
211,player22,1175.841796875,334.8803405761719,1305.3890380859375,511.35614013671875
212,player11,814.8519897460938,72.7174301147461,863.3626708984375,151.4481964111328
212,player12,1192.2364501953125,70.98340606689453,1251.0791015625,151.7859649658203
212,player21,698.8815307617188,365.582763671875,861.6783447265625,569.1454467773438
212,player22,1175.625,334.48114013671875,1307.0574951171875,511.3990173339844
213,player11,812.8983154296875,73.42339324951172,863.1609497070312,153.93199157714844
213,player12,1190.777587890625,70.59558868408203,1250.04345703125,151.86570739746094
213,player21,694.5932006835938,366.2391662597656,866.7274169921875,578.5158081054688
213,player22,1175.051513671875,334.24835205078125,1308.85400390625,511.3963317871094
214,player11,810.5528564453125,74.77459716796875,862.8423461914062,156.67803955078125
214,player12,1188.53662109375,72.15311431884766,1247.2694091796875,151.35031127929688
214,player21,691.42626953125,371.681396484375,871.8317260742188,591.1362915039062
214,player22,1173.553955078125,334.1796875,1309.417724609375,511.2327575683594
215,player11,809.49560546875,76.32373809814453,862.5670776367188,157.1929168701172
215,player12,1187.751708984375,70.7933578491211,1245.181396484375,149.4689178466797
215,player21,689.3611450195312,382.1261901855469,874.0446166992188,605.498779296875
215,player22,1171.996337890625,334.1878356933594,1309.5340576171875,511.2789306640625
216,player11,808.4503784179688,78.86421966552734,862.24462890625,157.4081268310547
216,player12,1187.3736572265625,70.22265625,1242.2764892578125,148.16641235351562
216,player21,689.2828369140625,400.3420104980469,856.1175537109375,619.4977416992188
216,player22,1170.4705810546875,334.3037109375,1309.33154296875,511.4303894042969
217,player11,807.0654296875,80.65453338623047,862.6389770507812,157.57070922851562
217,player12,1186.773193359375,69.3947525024414,1239.6746826171875,148.32205200195312
217,player21,689.439453125,417.8779602050781,844.4780883789062,628.412841796875
217,player22,1169.3887939453125,333.6790466308594,1309.32666015625,512.2469482421875
218,player11,806.1617431640625,81.74496459960938,863.3414916992188,157.4865264892578
218,player12,1186.2716064453125,69.674560546875,1236.7684326171875,148.06382751464844
218,player21,687.2412719726562,433.3170166015625,837.2548828125,632.0839233398438
218,player22,1168.2972412109375,333.24798583984375,1309.2027587890625,512.579833984375
219,player11,806.3726196289062,82.50491333007812,863.7418823242188,157.38951110839844
219,player12,1183.304931640625,69.4980239868164,1235.17919921875,147.09730529785156
219,player21,684.8790283203125,453.0401916503906,829.609619140625,634.6271362304688
219,player22,1168.538330078125,332.95166015625,1309.499267578125,512.6710815429688
220,player11,808.3106079101562,82.7032241821289,863.7916870117188,157.58255004882812
220,player12,1178.84912109375,69.37071990966797,1234.0015869140625,146.43202209472656
220,player21,681.1519165039062,469.97613525390625,818.7910766601562,636.6387329101562
220,player22,1167.9176025390625,332.9742736816406,1309.5740966796875,513.05224609375
221,player11,809.6607055664062,82.5458984375,865.4785766601562,157.9203643798828
221,player12,1177.13134765625,72.03437805175781,1234.161376953125,146.19375610351562
221,player21,675.0416870117188,479.48974609375,820.3513793945312,672.6144409179688
221,player22,1168.15380859375,334.0555114746094,1308.720947265625,513.9365844726562
222,player11,811.27490234375,82.53931427001953,867.5722045898438,157.93994140625
222,player12,1174.2786865234375,74.13101959228516,1233.8499755859375,146.25975036621094
222,player21,655.2951049804688,486.5761413574219,820.1114501953125,699.8804931640625
222,player22,1170.575927734375,335.1004943847656,1307.4012451171875,514.4815063476562
223,player11,811.4818115234375,80.79552459716797,870.3765258789062,158.10337829589844
223,player12,1165.7523193359375,74.55484771728516,1233.756103515625,146.8488311767578
223,player21,637.2396240234375,494.68194580078125,818.3494873046875,718.5452270507812
223,player22,1178.4671630859375,336.67242431640625,1305.271728515625,514.6692504882812
224,player11,811.6242065429688,80.19212341308594,871.8672485351562,157.97906494140625
224,player12,1167.9578857421875,73.37908935546875,1232.893310546875,147.6252899169922
224,player21,621.8945922851562,503.0119934082031,808.2017822265625,730.6210327148438
224,player22,1174.1688232421875,337.40130615234375,1301.524658203125,515.0557250976562
225,player11,812.4658203125,79.2620620727539,874.1583862304688,156.66656494140625
225,player12,1168.15869140625,72.66920471191406,1214.088134765625,141.7483367919922
225,player21,611.342529296875,512.0411376953125,803.8141479492188,736.8473510742188
225,player22,1171.5430908203125,337.9380798339844,1298.169921875,515.2090454101562
226,player11,825.2902221679688,78.57625579833984,875.3383178710938,149.7495880126953
226,player12,1158.37060546875,71.00814056396484,1202.8553466796875,135.8013153076172
226,player21,607.0084838867188,518.204345703125,794.71044921875,737.3139038085938
226,player22,1169.47705078125,338.0148010253906,1295.010498046875,515.3758544921875
227,player11,834.2075805664062,75.97969055175781,877.6964111328125,146.2970428466797
227,player11,818.9075927734375,75.92971801757812,878.3493041992188,153.95852661132812
227,player12,1137.8125,69.41023254394531,1194.915283203125,123.47393035888672
227,player21,606.4656982421875,521.1488647460938,782.7332153320312,737.9217529296875
227,player22,1167.2640380859375,337.9449157714844,1291.773193359375,515.4755249023438
228,player11,839.144287109375,76.16584777832031,885.2483520507812,143.24923706054688
228,player12,1124.8677978515625,69.7602310180664,1197.8834228515625,131.7611846923828
228,player21,606.1705932617188,522.3214111328125,770.0206298828125,738.728515625
228,player22,1166.123291015625,337.62164306640625,1287.8319091796875,515.1780395507812
229,player11,845.4344482421875,76.9804916381836,890.935791015625,137.39476013183594
229,player12,1116.35205078125,69.28934478759766,1197.838623046875,133.50140380859375
229,player21,601.9724731445312,522.95849609375,762.0808715820312,737.1490478515625
229,player22,1165.419189453125,336.7484436035156,1283.760009765625,515.154052734375
230,player11,849.111328125,77.8157958984375,903.6629638671875,140.05699157714844
230,player12,1109.3917236328125,67.95894622802734,1198.3382568359375,136.3416290283203
230,player21,595.9270629882812,525.7439575195312,769.7809448242188,745.0675659179688
230,player22,1165.2796630859375,335.73321533203125,1279.4830322265625,515.0967407226562
231,player11,851.0552978515625,78.53117370605469,901.8658447265625,142.773681640625
231,player12,1106.803466796875,67.1351089477539,1194.7296142578125,136.19947814941406
231,player21,589.6764526367188,529.7532348632812,764.8140258789062,754.880859375
231,player22,1165.0240478515625,335.72320556640625,1275.586181640625,514.8158569335938
232,player11,850.3524780273438,78.65489196777344,905.0462646484375,145.5912628173828
232,player12,1101.42724609375,67.95707702636719,1189.5458984375,136.64761352539062
232,player21,582.5502319335938,534.512939453125,736.7474975585938,761.0925903320312
232,player22,1163.7689208984375,334.53662109375,1270.2545166015625,514.6570434570312
233,player11,850.9786987304688,78.52955627441406,912.572509765625,146.5587615966797
233,player12,1099.3096923828125,68.1813735961914,1181.5211181640625,136.95582580566406
233,player21,577.4600830078125,537.9456787109375,719.4124755859375,763.3700561523438
233,player22,1163.1893310546875,332.65069580078125,1265.85986328125,514.1372680664062
234,player11,851.4086303710938,79.2136001586914,923.165771484375,147.72232055664062
234,player12,1090.176025390625,67.76583099365234,1162.2481689453125,138.00582885742188
234,player21,579.30908203125,539.0913696289062,704.94580078125,763.6908569335938
234,player22,1163.439453125,330.06072998046875,1262.601318359375,513.0289916992188
235,player11,851.800537109375,79.5567626953125,930.8256225585938,147.1279296875
235,player12,1084.95361328125,67.09426879882812,1152.0655517578125,137.19229125976562
235,player21,584.1929931640625,536.85400390625,699.0538940429688,762.7018432617188
235,player22,1163.931396484375,327.8467102050781,1259.6761474609375,510.3920593261719
236,player11,852.6524047851562,79.20484161376953,938.294189453125,146.59654235839844
236,player12,1080.558837890625,67.44572448730469,1140.4427490234375,136.50685119628906
236,player21,587.4386596679688,529.7714233398438,700.9282836914062,760.6250610351562
236,player22,1162.6676025390625,326.8814697265625,1257.4664306640625,508.58148193359375
237,player11,855.6901245117188,79.7149429321289,940.580810546875,147.006103515625
237,player12,1076.46337890625,67.17266082763672,1131.6292724609375,136.02474975585938
237,player21,589.7930908203125,522.4044799804688,698.6824340820312,757.2467651367188
237,player22,1156.04931640625,327.5942687988281,1255.696533203125,509.1573791503906
238,player11,862.2139892578125,79.0772705078125,941.7782592773438,147.62962341308594
238,player12,1076.7137451171875,66.11861419677734,1125.9901123046875,135.35385131835938
238,player21,592.59521484375,513.4094848632812,698.0217895507812,751.5328979492188
238,player22,1143.8895263671875,329.0487060546875,1254.5914306640625,507.4908142089844
239,player11,870.1588745117188,78.42034912109375,943.0239868164062,147.5983123779297
239,player12,1072.1258544921875,65.1083984375,1119.544189453125,134.8699951171875
239,player21,594.9808349609375,505.6745910644531,708.5026245117188,740.25732421875
239,player22,1134.250732421875,330.9286804199219,1251.5704345703125,508.0042419433594
240,player11,881.2884521484375,78.01504516601562,943.8961791992188,146.3328857421875
240,player12,1064.542724609375,63.67973709106445,1115.7957763671875,134.97885131835938
240,player21,598.6356811523438,498.29046630859375,715.7357177734375,727.7024536132812
240,player22,1130.1549072265625,331.88385009765625,1248.915771484375,509.1591796875
241,player11,897.13720703125,76.18651580810547,946.4344482421875,147.0717315673828
241,player12,1058.652587890625,63.48825454711914,1113.3546142578125,135.17337036132812
241,player21,600.7352294921875,492.0303955078125,721.64111328125,712.6102905273438
241,player22,1128.3564453125,332.40447998046875,1246.37646484375,509.81182861328125
242,player11,906.46875,73.75778198242188,951.5655517578125,148.21029663085938
242,player12,1052.9136962890625,63.124244689941406,1111.2823486328125,135.1944122314453
242,player21,601.48779296875,484.674560546875,725.94580078125,693.587646484375
242,player22,1128.410400390625,331.5802917480469,1244.158447265625,509.898193359375
243,player11,912.1607666015625,71.32096099853516,955.4444580078125,149.09390258789062
243,player12,1050.3994140625,62.22420120239258,1110.369873046875,135.21665954589844
243,player21,601.6033935546875,476.9852600097656,729.1107788085938,677.9949951171875
243,player22,1126.9466552734375,330.1063232421875,1242.3785400390625,508.94287109375
244,player11,918.03759765625,69.64813995361328,961.9031982421875,148.7713623046875
244,player12,1048.7437744140625,62.181087493896484,1109.2169189453125,135.63563537597656
244,player21,600.8795166015625,469.66082763671875,731.6192016601562,668.8103637695312
244,player22,1125.4739990234375,329.2353210449219,1240.4830322265625,505.8801574707031
245,player11,921.3131713867188,70.81098937988281,965.631591796875,149.72348022460938
245,player12,1046.9320068359375,62.041656494140625,1106.6031494140625,136.1134490966797
245,player21,600.6275024414062,463.4181823730469,733.4437255859375,662.0733032226562
245,player22,1119.5316162109375,328.8918762207031,1239.064208984375,505.7994384765625
246,player11,929.01025390625,70.5455322265625,970.5374145507812,147.2882080078125
246,player12,1046.6070556640625,61.81629943847656,1104.427734375,136.48292541503906
246,player21,600.17236328125,458.858154296875,730.402099609375,653.2136840820312
246,player22,1109.4534912109375,330.559814453125,1237.4852294921875,505.2213134765625
247,player11,933.6100463867188,74.64183807373047,976.4226684570312,153.0631561279297
247,player12,1045.235107421875,61.92072677612305,1100.9715576171875,136.5350799560547
247,player21,597.79345703125,455.58563232421875,731.790771484375,641.59326171875
247,player22,1098.0872802734375,333.551025390625,1236.1817626953125,505.3883972167969
248,player11,938.0238037109375,76.46546173095703,980.5078735351562,156.79891967773438
248,player12,1044.5830078125,62.1494140625,1096.852294921875,136.3587646484375
248,player21,598.9468383789062,453.0190124511719,732.022705078125,630.1669921875
248,player22,1089.2760009765625,336.5275573730469,1234.5263671875,505.0444641113281
249,player11,943.1546630859375,79.472412109375,984.3533325195312,154.89134216308594
249,player12,1043.8377685546875,61.65199661254883,1092.9691162109375,136.23255920410156
249,player21,604.4796142578125,450.56988525390625,733.3609008789062,618.4511108398438
249,player22,1083.2330322265625,339.6510314941406,1232.865966796875,505.2631530761719
250,player11,946.8384399414062,79.72808837890625,996.4151611328125,160.14793395996094
250,player12,1042.17041015625,60.213829040527344,1090.915771484375,135.77012634277344
250,player21,610.0902099609375,446.8390197753906,739.6201782226562,610.106201171875
250,player22,1080.5989990234375,342.5935974121094,1232.5999755859375,504.850341796875
251,player11,950.4895629882812,81.49610137939453,1002.701904296875,159.76913452148438
251,player12,1039.903564453125,59.60482406616211,1089.68408203125,135.4538116455078
251,player21,618.7447509765625,442.26495361328125,742.9246215820312,604.7007446289062
251,player22,1079.714599609375,345.35113525390625,1232.162109375,504.3528137207031
252,player11,954.464111328125,82.16092681884766,1004.0965576171875,161.77842712402344
252,player12,1039.1737060546875,59.32666015625,1089.4476318359375,135.4260711669922
252,player21,626.0072631835938,438.58251953125,746.9896240234375,597.7020263671875
252,player22,1079.3677978515625,345.87744140625,1231.92236328125,503.8231506347656
253,player11,957.5066528320312,82.59893035888672,1003.0822143554688,162.68045043945312
253,player12,1038.7623291015625,59.02473068237305,1089.3427734375,135.38925170898438
253,player21,632.5061645507812,434.67694091796875,751.2975463867188,594.2673950195312
253,player22,1078.8548583984375,344.9225769042969,1229.8560791015625,503.706787109375
254,player11,959.4785766601562,83.36058807373047,1004.6469116210938,162.38308715820312
254,player12,1039.439208984375,58.861488342285156,1089.111328125,135.38975524902344
254,player21,637.3246459960938,431.4215393066406,756.2992553710938,592.8251342773438
254,player22,1078.152587890625,343.8101806640625,1227.2410888671875,503.77142333984375
255,player11,960.2091064453125,83.49546813964844,1008.7233276367188,162.9047393798828
255,player12,1038.7965087890625,58.66299819946289,1089.256103515625,135.59742736816406
255,player21,640.9208984375,428.28900146484375,765.2593383789062,592.257080078125
255,player22,1078.17724609375,342.9844665527344,1221.3636474609375,504.111083984375
256,player11,960.2382202148438,83.69622039794922,1012.258056640625,164.72329711914062
256,player12,1037.8125,58.194095611572266,1089.37646484375,135.95042419433594
256,player21,645.5586547851562,424.19061279296875,769.388916015625,590.7404174804688
256,player22,1078.702392578125,342.53167724609375,1214.52734375,504.6697692871094
257,player11,958.9634399414062,83.89128112792969,1014.669921875,165.91879272460938
257,player12,1038.95849609375,58.193992614746094,1089.399169921875,135.82107543945312
257,player21,650.2049560546875,418.48663330078125,770.4913940429688,590.7168579101562
257,player22,1077.7900390625,343.6536560058594,1206.857177734375,506.2888488769531
258,player11,957.9390869140625,83.85859680175781,1015.1399536132812,167.26014709472656
258,player12,1040.6976318359375,58.12696075439453,1089.6510009765625,137.23291015625
258,player21,656.7020263671875,411.99224853515625,770.8872680664062,589.8670654296875
258,player22,1074.08935546875,343.8992614746094,1198.519287109375,505.6881103515625
259,player11,955.9589233398438,83.65086364746094,1017.2443237304688,169.45396423339844
259,player12,1041.536376953125,58.13174819946289,1089.5015869140625,137.46900939941406
259,player21,664.1378784179688,409.90899658203125,775.0293579101562,590.2012329101562
259,player22,1075.09716796875,344.2887878417969,1190.6187744140625,505.166015625
260,player11,956.0186157226562,84.51331329345703,1013.1241455078125,170.92027282714844
260,player12,1041.21630859375,58.097198486328125,1089.521484375,137.5287322998047
260,player21,672.1295166015625,410.2991638183594,778.7965698242188,590.2316284179688
260,player22,1078.56689453125,345.14251708984375,1182.4287109375,506.09326171875
261,player11,956.3545532226562,86.66947174072266,1012.0407104492188,172.52749633789062
261,player12,1039.6424560546875,58.09937286376953,1089.2716064453125,137.40966796875
261,player21,675.5890502929688,410.8638916015625,781.68017578125,587.3037719726562
261,player22,1080.4244384765625,346.6764221191406,1176.333251953125,507.26580810546875
262,player11,956.3031005859375,87.43123626708984,1014.752197265625,173.33145141601562
262,player12,1039.9080810546875,58.107391357421875,1088.9716796875,137.57225036621094
262,player21,677.200927734375,413.8260803222656,782.9774169921875,589.4242553710938
262,player22,1080.2164306640625,347.9034118652344,1173.727294921875,510.4200439453125
263,player11,955.3495483398438,89.71022033691406,1017.4981079101562,173.86788940429688
263,player12,1041.85107421875,58.05720138549805,1088.933349609375,137.55873107910156
263,player21,677.09423828125,419.06097412109375,783.7684326171875,585.1787109375
263,player22,1080.4007568359375,349.1585998535156,1173.61376953125,513.0599975585938
264,player11,952.3045654296875,90.90000915527344,1009.0025024414062,174.1798553466797
264,player12,1043.147216796875,57.73794174194336,1089.01318359375,137.54330444335938
264,player21,675.725341796875,427.33056640625,783.8666381835938,589.1436767578125
264,player22,1080.8751220703125,350.0799865722656,1174.19921875,517.5221557617188
265,player11,940.8067626953125,91.5994644165039,1009.0554809570312,174.12916564941406
265,player12,1044.7911376953125,57.44902801513672,1089.2789306640625,137.7373504638672
265,player21,673.7760009765625,438.7618713378906,782.0858764648438,593.1303100585938
265,player22,1080.1724853515625,350.7659912109375,1175.9891357421875,519.7188110351562
266,player11,931.0535888671875,92.18286895751953,1006.9981079101562,174.84922790527344
266,player12,1044.9310302734375,57.470191955566406,1089.9427490234375,137.68161010742188
266,player21,671.2662353515625,449.6913757324219,777.7493896484375,594.2186889648438
266,player22,1078.720458984375,350.8160095214844,1178.77880859375,520.7625732421875
267,player11,929.6663208007812,93.00955200195312,1004.2899780273438,174.87710571289062
267,player12,1045.335693359375,57.74081802368164,1090.5537109375,137.68499755859375
267,player21,669.2791137695312,458.165283203125,775.2240600585938,595.1829833984375
267,player22,1080.16455078125,350.733642578125,1183.431640625,521.12109375
268,player11,928.5463256835938,93.0800552368164,1003.0889892578125,174.75067138671875
268,player12,1045.8895263671875,58.03456115722656,1090.9796142578125,137.81680297851562
268,player21,668.3534545898438,464.4644775390625,774.492919921875,596.359375
268,player22,1075.9371337890625,350.04107666015625,1194.2183837890625,521.7630004882812
269,player11,924.4054565429688,91.57322692871094,1001.8611450195312,175.63821411132812
269,player12,1046.2437744140625,58.069271087646484,1091.245849609375,137.82762145996094
269,player21,667.1026000976562,469.4053649902344,779.078369140625,596.523681640625
269,player22,1077.384765625,350.77899169921875,1203.6466064453125,522.1279907226562
270,player11,923.8335571289062,91.58815002441406,1000.64599609375,174.87062072753906
270,player12,1046.2701416015625,58.1618766784668,1091.7569580078125,137.823486328125
270,player21,666.466064453125,475.22271728515625,783.4908447265625,596.9423217773438
270,player22,1084.0162353515625,350.5213623046875,1210.6239013671875,522.3868408203125
271,player11,921.9043579101562,90.9522476196289,999.6320190429688,174.62371826171875
271,player12,1046.13623046875,58.203826904296875,1092.27490234375,137.96388244628906
271,player21,663.1356811523438,479.93829345703125,790.6932983398438,605.1793823242188
271,player22,1092.261474609375,351.48809814453125,1215.8912353515625,525.3710327148438
272,player11,921.73486328125,89.01641845703125,997.1779174804688,174.795654296875
272,player12,1046.111328125,58.217132568359375,1092.735107421875,138.04798889160156
272,player21,644.6367797851562,483.6559753417969,788.8576049804688,624.6109619140625
272,player22,1104.6595458984375,352.731201171875,1217.5980224609375,529.1065673828125
273,player11,919.4290771484375,88.6383056640625,991.6165161132812,174.29847717285156
273,player12,1046.5491943359375,58.25575637817383,1093.154296875,138.22889709472656
273,player21,650.905517578125,489.15814208984375,780.8397827148438,643.0137939453125
273,player22,1114.0538330078125,355.0843200683594,1216.1268310546875,535.55419921875
274,player11,919.4034423828125,88.14588165283203,985.5131225585938,173.4166259765625
274,player12,1046.5294189453125,58.26873016357422,1093.345458984375,138.38973999023438
274,player21,650.7628173828125,494.5179443359375,769.0213012695312,659.7977294921875
274,player22,1120.3001708984375,357.6187438964844,1213.323974609375,541.4728393554688
275,player11,917.1275634765625,86.04576873779297,977.0169067382812,174.15965270996094
275,player12,1046.7471923828125,58.619598388671875,1093.545654296875,138.46737670898438
275,player21,647.1342163085938,501.3946228027344,769.4149780273438,675.1101684570312
275,player22,1124.4222412109375,360.4686279296875,1207.3760986328125,547.8118286132812
276,player11,915.6101684570312,85.2050552368164,967.1256713867188,173.1246795654297
276,player12,1046.9688720703125,59.08914566040039,1093.5926513671875,138.5099639892578
276,player21,640.7808837890625,509.505859375,767.0836181640625,685.6439208984375
276,player22,1126.63330078125,363.0040588378906,1206.900634765625,555.4020385742188
277,player11,913.1798095703125,84.44849395751953,960.4234619140625,172.64419555664062
277,player12,1046.89208984375,59.38602828979492,1093.58203125,138.64149475097656
277,player21,634.3053588867188,518.3455810546875,758.6215209960938,686.9946899414062
277,player22,1127.2171630859375,366.4717712402344,1208.4366455078125,558.0289916992188
278,player11,911.3713989257812,84.352294921875,956.9214477539062,173.18841552734375
278,player12,1046.5142822265625,59.183292388916016,1093.4163818359375,138.5928497314453
278,player21,628.177978515625,525.0718383789062,763.1494140625,688.6060180664062
278,player22,1127.97900390625,369.00738525390625,1210.943603515625,558.6837768554688
279,player11,908.8928833007812,85.1617660522461,954.438720703125,174.0242462158203
279,player12,1045.957763671875,59.17271041870117,1093.1558837890625,138.61830139160156
279,player21,623.7660522460938,529.82470703125,769.7335205078125,689.097412109375
279,player22,1128.8839111328125,371.53778076171875,1212.681640625,558.9619140625
280,player11,907.5750732421875,86.24871826171875,953.7044677734375,176.07884216308594
280,player12,1045.642578125,59.2238655090332,1093.0465087890625,138.62240600585938
280,player21,616.6951293945312,532.5800170898438,767.5424194335938,686.1500244140625
280,player22,1129.94970703125,374.0574951171875,1214.6802978515625,559.082763671875
281,player11,904.8816528320312,86.58086395263672,952.9529418945312,177.59341430664062
281,player12,1044.765625,59.642032623291016,1092.8095703125,138.7865753173828
281,player21,608.2937622070312,534.3838500976562,759.9268798828125,688.5772705078125
281,player22,1128.118408203125,375.44476318359375,1216.2540283203125,559.4503173828125
282,player11,884.61669921875,86.9513168334961,950.5037231445312,178.33221435546875
282,player12,1044.377197265625,59.96163558959961,1092.661865234375,138.91171264648438
282,player21,599.8948974609375,535.9183349609375,747.4166259765625,698.1251831054688
282,player22,1123.8370361328125,376.0841979980469,1217.5667724609375,559.9915161132812
283,player11,878.3994140625,87.78851318359375,949.5773315429688,178.37669372558594
283,player12,1043.961669921875,60.08295440673828,1092.9901123046875,138.9023895263672
283,player21,591.2612915039062,537.6068115234375,736.1346435546875,703.6893920898438
283,player22,1120.19921875,376.5333557128906,1217.935302734375,560.059814453125
284,player11,881.9702758789062,90.28016662597656,947.04833984375,178.58419799804688
284,player12,1043.8623046875,60.0958137512207,1093.3629150390625,138.9673309326172
284,player21,582.586669921875,540.2808227539062,721.1104125976562,705.0595092773438
284,player22,1118.999755859375,376.3762512207031,1217.95849609375,560.2101440429688
285,player11,891.1857299804688,90.82306671142578,943.189697265625,179.6404266357422
285,player12,1043.8265380859375,60.408756256103516,1093.683349609375,138.95225524902344
285,player21,573.741455078125,543.9168701171875,708.8905639648438,719.934326171875
285,player22,1119.2786865234375,376.4910583496094,1217.2469482421875,560.0770263671875
286,player11,869.8316040039062,90.53490447998047,942.4599609375,181.4430389404297
286,player12,1043.6685791015625,60.59641647338867,1094.11328125,138.98341369628906
286,player21,565.205322265625,550.0963134765625,699.9392700195312,728.1259155273438
286,player22,1121.2313232421875,376.4906311035156,1216.626953125,559.8164672851562
287,player11,861.0077514648438,90.8466796875,942.2539672851562,182.4228515625
287,player11,883.9368286132812,91.0997314453125,943.2767333984375,182.89561462402344
287,player12,1043.878662109375,60.84992980957031,1095.037841796875,139.12796020507812
287,player21,552.6099243164062,556.1305541992188,696.8568725585938,731.4658813476562
287,player22,1123.9462890625,375.27886962890625,1214.7374267578125,559.861572265625
288,player11,879.833251953125,91.17594909667969,942.3819580078125,182.83389282226562
288,player11,877.75634765625,91.06959533691406,943.8199462890625,181.0894775390625
288,player12,1044.0738525390625,61.245697021484375,1096.239990234375,138.47360229492188
288,player21,543.0929565429688,562.2459106445312,696.60693359375,733.2055053710938
288,player22,1129.8839111328125,374.42938232421875,1214.6578369140625,559.541015625
289,player11,874.745849609375,91.15158081054688,940.244384765625,182.83314514160156
289,player12,1043.827880859375,61.375301361083984,1096.8642578125,138.35487365722656
289,player21,528.398681640625,567.0452270507812,696.6259155273438,733.53662109375
289,player22,1134.2554931640625,374.081298828125,1214.207275390625,559.7850341796875
290,player11,879.8134765625,90.63800811767578,936.2725219726562,182.72125244140625
290,player12,1044.4310302734375,61.57907485961914,1098.4345703125,138.332763671875
290,player21,518.2706298828125,570.7916870117188,696.4095458984375,740.5241088867188
290,player22,1140.6551513671875,373.7792053222656,1214.40869140625,560.0256958007812
291,player11,872.42431640625,91.00224304199219,933.0341796875,182.33639526367188
291,player12,1044.9974365234375,61.67909240722656,1099.2880859375,138.35281372070312
291,player21,512.4312744140625,573.7393188476562,696.331787109375,737.8016967773438
291,player22,1143.9444580078125,372.9743957519531,1214.88330078125,560.3616333007812
292,player11,864.6209106445312,90.8945541381836,931.1333618164062,183.55438232421875
292,player12,1045.219970703125,61.735748291015625,1099.7625732421875,138.6127471923828
292,player21,499.27105712890625,576.885498046875,695.92822265625,736.1676635742188
292,player22,1134.1402587890625,371.4650573730469,1215.4010009765625,558.9815673828125
293,player11,872.759521484375,91.60686492919922,927.8699340820312,183.24595642089844
293,player12,1045.36962890625,61.74919891357422,1100.3350830078125,139.9775390625
293,player21,488.197021484375,578.3483276367188,693.2990112304688,735.8773193359375
293,player22,1134.0352783203125,370.8277893066406,1216.8603515625,559.781005859375
294,player11,872.9282836914062,91.75882720947266,926.6173095703125,183.9521484375
294,player12,1045.6270751953125,61.95502471923828,1101.5218505859375,140.7049560546875
294,player21,480.6783142089844,579.544921875,686.201171875,735.322021484375
294,player22,1135.0435791015625,370.12091064453125,1218.723388671875,560.5538330078125
295,player11,867.3145751953125,91.00886535644531,925.3334350585938,184.9252166748047
295,player12,1046.3018798828125,62.41621017456055,1101.9742431640625,141.27960205078125
295,player21,476.1812744140625,579.9231567382812,676.73681640625,734.5856323242188
295,player22,1137.08837890625,368.74591064453125,1221.0438232421875,560.591064453125
296,player11,863.2969970703125,90.74983215332031,924.0142211914062,185.9930419921875
296,player12,1045.941650390625,63.0699462890625,1101.740234375,141.75643920898438
296,player21,472.1362609863281,578.7926025390625,664.7315063476562,734.75537109375
296,player22,1138.044189453125,368.243408203125,1222.5128173828125,560.01611328125
297,player11,858.7113037109375,90.45848083496094,923.121826171875,187.6880340576172
297,player12,1045.9031982421875,63.93873596191406,1101.8507080078125,143.47979736328125
297,player21,469.1919250488281,577.2249145507812,648.6183471679688,733.8768920898438
297,player22,1139.605224609375,367.57757568359375,1224.310791015625,559.9810791015625
298,player11,853.276611328125,89.58430480957031,921.7781982421875,188.5728302001953
298,player12,1045.5289306640625,65.14688873291016,1101.4442138671875,144.67044067382812
298,player21,467.0881042480469,575.5472412109375,631.3970947265625,733.0618896484375
298,player22,1140.532470703125,365.9601135253906,1225.6298828125,559.9246826171875
299,player11,851.4238891601562,89.55054473876953,921.2106323242188,189.0397186279297
299,player12,1046.2451171875,65.4573745727539,1098.2606201171875,146.2131805419922
299,player21,464.83245849609375,574.4126586914062,600.7192993164062,729.4087524414062
299,player22,1143.205810546875,364.5831604003906,1226.8521728515625,560.0919799804688
300,player11,845.1552124023438,89.6685562133789,921.5264282226562,188.79580688476562
300,player12,1046.3602294921875,64.80213165283203,1096.005126953125,147.22023010253906
300,player21,462.17559814453125,572.5776977539062,577.466552734375,727.3603515625
300,player22,1146.524658203125,362.6404724121094,1228.306396484375,559.93505859375
301,player11,842.17919921875,90.17057037353516,920.8878173828125,188.7777099609375
301,player12,1045.9166259765625,64.41160583496094,1094.01904296875,147.6777801513672
301,player21,457.8664855957031,570.6761474609375,568.28173828125,729.201416015625
301,player22,1146.098388671875,361.529296875,1229.4698486328125,559.657958984375
302,player11,841.4342041015625,89.81124877929688,919.1974487304688,187.82330322265625
302,player12,1045.47998046875,64.88993835449219,1092.032958984375,147.46104431152344
302,player21,455.83135986328125,569.686279296875,566.2674560546875,729.967041015625
302,player22,1141.698486328125,359.56231689453125,1230.8822021484375,559.6452026367188
303,player11,840.2019653320312,88.27500915527344,899.0107421875,188.65573120117188
303,player12,1045.1944580078125,65.10862731933594,1090.5714111328125,147.6820831298828
303,player21,453.2384948730469,568.986572265625,566.3499755859375,731.8939819335938
303,player22,1139.590087890625,357.7518310546875,1232.6214599609375,559.5433959960938
304,player11,837.731201171875,85.38062286376953,889.126220703125,188.7559814453125
304,player12,1045.2891845703125,64.859375,1089.6771240234375,147.2329559326172
304,player21,450.7664794921875,568.8325805664062,565.8833618164062,732.0084228515625
304,player22,1144.7427978515625,356.4403076171875,1234.0035400390625,559.5550537109375
305,player11,834.87451171875,82.57240295410156,891.1290283203125,188.51242065429688
305,player12,1045.0784912109375,64.39231872558594,1088.8505859375,147.3668212890625
305,player21,449.2928161621094,568.7979736328125,567.8857421875,733.0357055664062
305,player22,1138.960205078125,355.4251403808594,1234.6644287109375,559.4237670898438
306,player11,832.3629760742188,81.57272338867188,890.6865234375,187.15478515625
306,player12,1044.8345947265625,64.30809783935547,1087.7841796875,146.91090393066406
306,player21,447.8802185058594,569.177978515625,569.16162109375,735.3067016601562
306,player22,1141.328857421875,354.12493896484375,1235.0975341796875,558.2679443359375
307,player11,830.4928588867188,82.36759948730469,885.5939331054688,187.69772338867188
307,player12,1044.66943359375,64.25254821777344,1086.74169921875,146.95034790039062
307,player21,445.6100769042969,569.7138671875,569.6498413085938,736.8767700195312
307,player22,1141.2578125,353.29071044921875,1235.4356689453125,556.4481201171875
308,player11,829.5709228515625,84.64775848388672,881.5149536132812,187.8060302734375
308,player12,1044.3350830078125,64.36431884765625,1086.7744140625,147.23800659179688
308,player21,442.648681640625,570.0726928710938,568.3346557617188,740.2958984375
308,player22,1141.3763427734375,352.1653747558594,1235.854248046875,553.7560424804688
309,player11,829.6627807617188,86.08142852783203,880.2083129882812,188.27645874023438
309,player12,1044.291259765625,64.31265258789062,1087.029296875,147.17279052734375
309,player21,440.1243896484375,570.2261352539062,558.98388671875,741.65478515625
309,player22,1141.7305908203125,351.0450744628906,1236.720703125,550.1671142578125
310,player11,825.0792236328125,86.82040405273438,882.114501953125,191.6038360595703
310,player12,1044.406494140625,64.2493667602539,1087.0955810546875,148.3881378173828
310,player21,438.5799255371094,569.9376220703125,544.7298583984375,739.9967041015625
310,player22,1141.9609375,350.7986145019531,1236.91552734375,546.1524047851562
311,player11,815.0608520507812,88.39055633544922,882.7885131835938,192.98907470703125
311,player12,1044.720703125,64.1832504272461,1087.22802734375,148.17376708984375
311,player21,436.15240478515625,569.8944702148438,535.9885864257812,741.1781616210938
311,player22,1143.3636474609375,350.83843994140625,1237.243408203125,541.71484375
312,player11,808.0175170898438,89.57496643066406,882.4632568359375,193.26104736328125
312,player12,1044.8519287109375,64.19249725341797,1087.14501953125,149.82118225097656
312,player21,434.796875,570.2300415039062,531.374267578125,741.1814575195312
312,player22,1142.5283203125,349.59393310546875,1237.1856689453125,537.1286010742188
313,player11,804.299560546875,89.28929901123047,880.7898559570312,193.86126708984375
313,player12,1044.990234375,64.3613052368164,1087.2060546875,150.576904296875
313,player21,434.4062194824219,570.81201171875,529.2326049804688,743.1174926757812
313,player22,1140.083740234375,348.98248291015625,1236.9742431640625,533.8388061523438
314,player11,802.14404296875,89.16350555419922,878.9177856445312,194.0845184326172
314,player12,1045.1343994140625,64.59378051757812,1087.382080078125,151.5767364501953
314,player21,431.7573547363281,571.5364990234375,528.1287231445312,743.7052612304688
314,player22,1139.867919921875,348.7143249511719,1236.7852783203125,531.4019165039062
315,player11,800.47607421875,88.64187622070312,874.40234375,194.06727600097656
315,player12,1045.22314453125,64.7250747680664,1087.231201171875,151.58499145507812
315,player21,424.46087646484375,571.9652709960938,527.5097045898438,742.9247436523438
315,player22,1138.7650146484375,348.6220703125,1236.8160400390625,530.3920288085938
316,player11,797.865478515625,88.05498504638672,868.6862182617188,194.21728515625
316,player12,1045.1943359375,64.89032745361328,1087.085205078125,152.05360412597656
316,player21,418.3537902832031,572.0202026367188,527.417236328125,742.8423461914062
316,player22,1137.3062744140625,347.20648193359375,1236.3387451171875,529.90576171875
317,player11,795.2059326171875,87.91860961914062,860.7892456054688,193.74366760253906
317,player12,1045.135986328125,64.82644653320312,1087.2554931640625,152.06036376953125
317,player21,412.92071533203125,572.4149780273438,526.7587890625,741.2352294921875
317,player22,1134.2933349609375,345.3672790527344,1234.666015625,530.216796875
318,player11,789.96923828125,88.33778381347656,850.44677734375,193.10704040527344
318,player12,1045.1883544921875,64.86002349853516,1088.0032958984375,153.0963134765625
318,player21,409.3789367675781,573.17578125,527.1194458007812,738.0202026367188
318,player22,1134.20166015625,344.2662658691406,1233.992431640625,529.6389770507812
319,player11,786.3839111328125,88.56129455566406,838.4386596679688,192.8932647705078
319,player12,1045.2889404296875,64.77626037597656,1088.5435791015625,153.03306579589844
319,player21,407.716064453125,573.6763305664062,537.3623046875,742.422607421875
319,player22,1132.8519287109375,342.40081787109375,1233.2628173828125,529.929931640625
320,player11,781.97607421875,90.01907348632812,830.69482421875,192.8434295654297
320,player12,1045.345703125,64.77790832519531,1090.8238525390625,152.89564514160156
320,player21,407.59619140625,574.2112426757812,543.7254028320312,744.2147216796875
320,player22,1131.9678955078125,341.060302734375,1231.82861328125,530.1300048828125
321,player11,778.1171264648438,91.15632629394531,826.9619140625,193.236572265625
321,player12,1045.2259521484375,64.62956237792969,1092.0255126953125,152.83616638183594
321,player21,410.1251525878906,574.528564453125,550.6986083984375,745.0803833007812
321,player22,1132.2276611328125,340.0775451660156,1230.9913330078125,530.3851928710938
322,player11,773.6172485351562,91.45565795898438,825.3071899414062,192.34237670898438
322,player12,1045.1383056640625,64.86829376220703,1092.7286376953125,153.01016235351562
322,player21,412.8596496582031,574.88330078125,557.5411376953125,744.6948852539062
322,player22,1132.592529296875,338.67193603515625,1229.485595703125,530.3601684570312
323,player11,770.45947265625,93.30402374267578,825.1922607421875,192.88487243652344
323,player12,1045.3096923828125,65.63088989257812,1093.7515869140625,153.39105224609375
323,player21,416.1586608886719,575.0206298828125,559.8927612304688,745.8515625
323,player22,1134.06689453125,337.7525634765625,1228.245849609375,529.9771728515625
324,player11,769.363037109375,94.08680725097656,825.166259765625,192.98516845703125
324,player12,1044.8575439453125,66.2066421508789,1094.544921875,153.49249267578125
324,player21,419.03033447265625,575.4550170898438,561.798583984375,746.8690185546875
324,player22,1134.447509765625,336.432861328125,1225.7298583984375,529.59228515625
325,player11,766.78662109375,96.82676696777344,824.5908203125,192.9796600341797
325,player12,1044.0986328125,66.88375854492188,1094.9605712890625,153.7751007080078
325,player21,421.30804443359375,574.6874389648438,558.339599609375,747.3820190429688
325,player22,1134.9266357421875,335.1778259277344,1224.0341796875,528.2662353515625
326,player11,764.7388305664062,97.8161849975586,824.7064819335938,193.42825317382812
326,player12,1042.379638671875,66.70768737792969,1095.512939453125,153.46826171875
326,player21,423.3189392089844,564.994140625,554.3009033203125,748.1421508789062
326,player22,1134.7349853515625,333.3338317871094,1222.8734130859375,526.5166015625
327,player11,761.07861328125,97.28133392333984,823.058837890625,193.7373046875
327,player12,1041.0068359375,66.83454132080078,1095.37060546875,153.32305908203125
327,player21,425.39666748046875,557.5095825195312,547.844482421875,748.8271484375
327,player22,1133.268798828125,331.0840148925781,1221.163330078125,522.943359375
328,player11,758.6538696289062,96.47589111328125,819.0857543945312,193.49691772460938
328,player12,1041.160400390625,67.00244903564453,1095.119140625,153.091552734375
328,player21,427.6492614746094,550.71533203125,539.0046997070312,752.5418701171875
328,player22,1131.2125244140625,329.0599365234375,1219.429443359375,519.4560546875
329,player11,756.6766967773438,96.14208221435547,814.5574951171875,192.58949279785156
329,player12,1042.780517578125,67.07437133789062,1094.536865234375,153.32522583007812
329,player21,429.0880432128906,545.8157958984375,538.303466796875,758.8975219726562
329,player22,1129.9776611328125,327.95806884765625,1218.008544921875,516.3893432617188
330,player11,753.1529541015625,95.96727752685547,807.2496948242188,190.7522735595703
330,player12,1043.982666015625,66.97925567626953,1093.5950927734375,153.71417236328125
330,player21,430.9205017089844,544.99755859375,537.0572509765625,763.9934692382812
330,player22,1129.0863037109375,326.6463317871094,1216.7774658203125,512.6573486328125
331,player11,749.5310668945312,95.70109558105469,799.26806640625,187.94053649902344
331,player12,1041.5484619140625,66.89623260498047,1092.9195556640625,153.49041748046875
331,player21,431.83209228515625,562.1591796875,536.178466796875,770.445068359375
331,player22,1129.169189453125,325.7817077636719,1215.870361328125,508.57135009765625
332,player11,749.8748779296875,94.61160278320312,793.9869995117188,187.1688690185547
332,player12,1041.39208984375,66.9227066040039,1092.5789794921875,153.61941528320312
332,player21,432.6510314941406,570.6567993164062,542.5661010742188,775.5779418945312
332,player22,1129.3988037109375,324.0059509277344,1215.0333251953125,504.1183776855469
333,player11,748.55029296875,93.90748596191406,789.9335327148438,187.29336547851562
333,player12,1042.0677490234375,67.36506652832031,1092.5609130859375,153.026123046875
333,player21,433.2120666503906,578.1633911132812,546.51611328125,779.6244506835938
333,player22,1129.8336181640625,323.1756591796875,1213.7513427734375,501.14044189453125
334,player11,748.09326171875,92.65556335449219,787.2819213867188,187.56288146972656
334,player12,1043.3851318359375,67.88558197021484,1092.4337158203125,152.6968231201172
334,player21,433.50286865234375,548.8021240234375,545.9776000976562,784.8480224609375
334,player22,1129.8720703125,322.6606750488281,1213.3240966796875,498.59912109375
335,player11,748.1704711914062,92.1187744140625,785.5164184570312,186.95411682128906
335,player12,1041.9332275390625,68.0494384765625,1091.93017578125,151.62864685058594
335,player21,434.19317626953125,544.9017333984375,549.2451782226562,787.2432250976562
335,player22,1130.12451171875,321.45147705078125,1213.2012939453125,496.9847106933594
336,player11,745.3357543945312,92.19439697265625,784.159423828125,187.40206909179688
336,player12,1038.580810546875,67.67617797851562,1090.955810546875,151.3032989501953
336,player21,433.5506286621094,549.7378540039062,552.44580078125,787.7488403320312
336,player22,1130.678466796875,320.29156494140625,1212.8009033203125,496.50128173828125
337,player11,741.7711181640625,92.98055267333984,783.0043334960938,187.66754150390625
337,player12,1037.8153076171875,67.65096282958984,1090.7037353515625,152.28497314453125
337,player21,433.1856689453125,559.2861938476562,555.5281982421875,788.0819091796875
337,player22,1131.5174560546875,320.39569091796875,1213.5791015625,496.3715515136719
338,player11,740.027587890625,93.69755554199219,782.1472778320312,187.82334899902344
338,player12,1038.6888427734375,67.64733123779297,1089.3255615234375,152.3828125
338,player21,431.787841796875,579.9763793945312,557.4736938476562,788.7177734375
338,player22,1132.77294921875,319.2115478515625,1214.3221435546875,496.29571533203125
339,player11,739.1163330078125,93.73162841796875,781.5663452148438,186.90199279785156
339,player12,1038.324462890625,67.8738021850586,1090.6368408203125,151.87710571289062
339,player21,425.4464416503906,594.76220703125,558.2105102539062,788.6598510742188
339,player22,1133.647216796875,317.8253479003906,1214.9813232421875,496.2628479003906
340,player11,737.0623168945312,93.55297088623047,781.2891235351562,185.9950714111328
340,player12,1038.4151611328125,67.3721694946289,1091.471435546875,152.0235595703125
340,player21,419.9772644042969,599.2948608398438,558.4113159179688,789.4124755859375
340,player22,1134.4847412109375,316.902587890625,1216.23486328125,496.3336181640625
341,player11,734.36865234375,93.30339813232422,781.1130981445312,184.9528045654297
341,player12,1038.3763427734375,67.76824188232422,1091.6446533203125,152.20394897460938
341,player21,413.8607177734375,603.070068359375,557.9716186523438,789.291015625
341,player22,1135.514404296875,316.56866455078125,1218.0321044921875,495.78729248046875
342,player11,731.9356689453125,93.94900512695312,780.3938598632812,184.66500854492188
342,player12,1038.1611328125,68.0158920288086,1092.2415771484375,151.68121337890625
342,player21,410.4324645996094,609.2909545898438,558.3280029296875,788.9443359375
342,player22,1135.8740234375,315.7054443359375,1220.8232421875,495.558837890625
343,player11,729.5689086914062,94.734130859375,779.7157592773438,182.3289337158203
343,player12,1037.742431640625,67.59326171875,1092.5643310546875,151.9058837890625
343,player21,409.162109375,613.0792236328125,562.6220703125,789.4889526367188
343,player22,1136.047607421875,314.4216003417969,1223.693115234375,495.3844299316406
344,player11,727.9956665039062,94.6639175415039,779.24169921875,181.00668334960938
344,player12,1038.7818603515625,67.42170715332031,1092.52880859375,152.18603515625
344,player21,409.3052978515625,616.9425659179688,568.8318481445312,789.3775024414062
344,player22,1135.8389892578125,313.8031005859375,1226.7254638671875,495.0397644042969
345,player11,724.63818359375,93.81695556640625,778.216064453125,179.69622802734375
345,player12,1040.40771484375,67.43135833740234,1092.313232421875,151.94161987304688
345,player21,412.0935363769531,619.6979370117188,577.9884643554688,788.9498291015625
345,player22,1135.8438720703125,313.03948974609375,1229.5726318359375,494.5492858886719
346,player11,722.1292724609375,93.66600799560547,775.3015747070312,178.947021484375
346,player12,1042.89794921875,66.8794937133789,1092.429931640625,151.62460327148438
346,player21,416.2267761230469,621.6920166015625,585.489013671875,789.7377319335938
346,player22,1135.206298828125,311.9947204589844,1232.02197265625,492.9468078613281
347,player11,721.1119384765625,92.3421630859375,772.3027954101562,178.84017944335938
347,player12,1041.1446533203125,66.82132720947266,1092.77587890625,151.8430633544922
347,player21,420.7849426269531,622.4347534179688,590.8182983398438,790.06103515625
347,player22,1135.5196533203125,311.19732666015625,1234.278076171875,489.7922058105469
348,player11,720.1841430664062,90.87825012207031,768.5949096679688,178.44151306152344
348,player12,1037.9918212890625,67.21823120117188,1092.7108154296875,151.8052520751953
348,player21,426.1934814453125,623.5674438476562,593.8767700195312,790.4171142578125
348,player22,1135.8680419921875,310.8036804199219,1236.2991943359375,488.1501770019531
349,player11,718.4361572265625,90.84679412841797,764.8629150390625,178.31394958496094
349,player12,1033.2076416015625,67.8603286743164,1092.9329833984375,151.25526428222656
349,player21,429.20263671875,623.71875,603.5123291015625,791.7809448242188
349,player22,1136.4468994140625,309.6424560546875,1237.8597412109375,484.9010009765625
350,player11,716.533203125,90.5476303100586,763.116943359375,178.1544189453125
350,player12,1029.649169921875,67.83472442626953,1093.0198974609375,150.80357360839844
350,player21,431.86566162109375,623.8509521484375,607.5038452148438,811.5186767578125
350,player22,1138.121337890625,308.8701477050781,1238.9447021484375,482.744140625
351,player11,714.077392578125,90.37361907958984,762.9805297851562,177.58941650390625
351,player12,1025.9630126953125,68.12385559082031,1093.008056640625,150.555908203125
351,player21,433.9372253417969,627.8262329101562,612.385986328125,819.5011596679688
351,player22,1140.1651611328125,308.134033203125,1239.985595703125,480.7269592285156
352,player11,711.7340087890625,90.83000183105469,762.8409423828125,177.31153869628906
352,player12,1026.0704345703125,68.8713150024414,1092.46533203125,150.6698760986328
352,player21,435.3823547363281,628.4642333984375,614.8883056640625,824.26416015625
352,player22,1142.5062255859375,307.8669128417969,1240.657470703125,477.7812194824219
353,player11,709.1587524414062,91.39872741699219,762.8497924804688,177.23712158203125
353,player12,1025.4337158203125,69.63533782958984,1090.9866943359375,151.10116577148438
353,player21,438.4646301269531,627.377197265625,616.3726806640625,828.6913452148438
353,player22,1145.510009765625,307.3623962402344,1241.0252685546875,475.423583984375
354,player11,707.9595336914062,92.17521667480469,761.8790283203125,177.64700317382812
354,player12,1021.4370727539062,69.53909301757812,1088.4365234375,150.43917846679688
354,player21,440.0351867675781,631.3239135742188,599.0235595703125,803.7048950195312
354,player22,1148.2353515625,306.6043701171875,1242.2586669921875,474.0365295410156
355,player11,706.4893798828125,93.22895812988281,761.3969116210938,178.57681274414062
355,player12,1017.9451904296875,69.27884674072266,1083.066162109375,150.2985382080078
355,player21,442.999267578125,633.9073486328125,590.1676025390625,793.1536865234375
355,player22,1149.500244140625,305.7376708984375,1242.982421875,473.65118408203125
356,player11,705.4805297851562,92.59686279296875,757.7010498046875,178.1475067138672
356,player12,1012.6106567382812,68.40991973876953,1073.11376953125,150.19461059570312
356,player21,448.0670471191406,637.6694946289062,585.19921875,788.6802368164062
356,player22,1151.788330078125,305.314453125,1243.1922607421875,473.636474609375
357,player11,704.5765991210938,92.06217193603516,754.4016723632812,177.4221649169922
357,player12,1009.6790161132812,67.57942199707031,1063.9014892578125,150.34803771972656
357,player21,452.1737976074219,641.629638671875,583.52783203125,787.0335083007812
357,player22,1153.980712890625,304.53741455078125,1243.4139404296875,473.82550048828125
358,player11,703.543701171875,92.76123809814453,742.1956176757812,172.81825256347656
358,player12,1008.97509765625,65.82166290283203,1055.173095703125,150.29550170898438
358,player21,454.409912109375,645.454833984375,583.5769653320312,787.8921508789062
358,player22,1156.43603515625,303.3121032714844,1243.2138671875,473.9356994628906
359,player11,699.8409423828125,93.6034164428711,736.9371948242188,168.65390014648438
359,player12,1004.4822387695312,65.1895523071289,1048.6356201171875,150.180419921875
359,player21,456.4896240234375,648.4359130859375,584.6636352539062,787.46240234375
359,player22,1154.0540771484375,302.7618713378906,1242.4246826171875,473.744873046875
360,player11,697.4524536132812,93.48760986328125,734.3419799804688,173.1730499267578
360,player12,997.2315063476562,64.69824981689453,1045.812255859375,149.20762634277344
360,player21,458.28350830078125,649.9019165039062,587.2144775390625,787.5299072265625
360,player22,1150.0330810546875,302.4587097167969,1242.3260498046875,473.9549255371094
361,player11,695.4009399414062,93.03369903564453,732.4940795898438,176.69552612304688
361,player12,990.1747436523438,62.10540008544922,1044.56298828125,149.67640686035156
361,player21,459.9309997558594,650.6837158203125,589.7732543945312,787.911865234375
361,player22,1146.68701171875,301.8629150390625,1244.781982421875,474.2895812988281
362,player11,692.35205078125,93.61643981933594,731.6337280273438,177.4225616455078
362,player12,985.6800537109375,61.409034729003906,1043.827392578125,149.6282501220703
362,player21,461.2694091796875,651.1701049804688,594.745361328125,788.649169921875
362,player22,1144.500732421875,300.433349609375,1249.16455078125,473.7326965332031
363,player11,690.385986328125,93.54322052001953,731.6563110351562,179.63063049316406
363,player12,982.0919799804688,61.207820892333984,1043.74658203125,149.22576904296875
363,player21,462.1923828125,652.5038452148438,602.2343139648438,788.1329345703125
363,player22,1143.22509765625,299.76513671875,1252.8009033203125,472.91070556640625
364,player11,684.2097778320312,94.29679107666016,731.9127807617188,181.9833984375
364,player12,978.5994262695312,61.6361083984375,1043.287109375,149.32711791992188
364,player21,462.4937438964844,654.2540283203125,607.8323974609375,787.9028930664062
364,player22,1142.7720947265625,298.4302978515625,1256.9825439453125,473.0691223144531
365,player11,677.7445678710938,94.73826599121094,731.9844970703125,183.85118103027344
365,player12,974.4088134765625,62.65427017211914,1041.5462646484375,148.72158813476562
365,player21,462.5799560546875,656.4212036132812,605.4320068359375,787.8367919921875
365,player22,1142.78662109375,297.5484313964844,1257.442626953125,473.2998046875
366,player11,674.0309448242188,95.98347473144531,732.4395141601562,184.87367248535156
366,player12,972.4478149414062,63.59132385253906,1038.720458984375,148.8944091796875
366,player21,462.02911376953125,657.46484375,601.3670654296875,788.137451171875
366,player22,1143.318359375,297.14324951171875,1256.6776123046875,473.0880126953125
367,player11,672.3588256835938,96.5468978881836,732.5160522460938,185.20614624023438
367,player12,970.9379272460938,63.58134460449219,1035.8402099609375,145.97653198242188
367,player21,461.0307312011719,658.77392578125,601.2857666015625,788.7775268554688
367,player22,1144.1822509765625,296.0636291503906,1256.3807373046875,472.9072570800781
368,player11,671.222412109375,96.5197525024414,732.4100952148438,185.7465057373047
368,player12,968.8848876953125,64.13343811035156,1026.5474853515625,143.55245971679688
368,player21,460.7268371582031,659.743896484375,599.9775390625,789.6336059570312
368,player22,1144.9022216796875,294.9842834472656,1256.3671875,472.4826965332031
369,player11,670.6409301757812,96.72775268554688,728.3200073242188,185.91554260253906
369,player12,966.4466552734375,62.73585891723633,1017.3070068359375,141.4482421875
369,player21,460.4145202636719,660.0985107421875,599.2626953125,789.8876342773438
369,player22,1145.6654052734375,293.4482421875,1254.2391357421875,471.1396179199219
370,player11,669.3878173828125,96.09225463867188,715.2498168945312,185.24752807617188
370,player12,964.4816284179688,61.92292404174805,1008.2015380859375,140.63381958007812
370,player21,460.2067565917969,660.5888671875,598.2861938476562,790.2028198242188
370,player22,1146.8592529296875,292.9586181640625,1251.761474609375,470.5732116699219
